Client,Sex,Age,Tenure,Count_CA,Count_SA,Count_MF,Count_OVD,Count_CC,Count_CL,ActBal_CA,ActBal_SA,ActBal_MF,ActBal_OVD,ActBal_CC,ActBal_CL,VolumeCred,VolumeCred_CA,TransactionsCred,TransactionsCred_CA,VolumeDeb,VolumeDeb_CA,VolumeDebCash_Card,VolumeDebCashless_Card,VolumeDeb_PaymentOrder,TransactionsDeb,TransactionsDeb_CA,TransactionsDebCash_Card,TransactionsDebCashless_Card,TransactionsDeb_PaymentOrder,Predicted_CC_Revenue
850,0,49,44,1,6.0,79.0,2.0,2.0,5.0,43.52321428571429,0.0,0.0,0.0,0.0,0.0,1392.402857142857,1392.402857142857,3.0,3.0,1226.345357142857,1226.345357142857,0.0,0.0,121.92857142857143,6.0,6.0,0.0,0.0,1.0,2.9350052455132642
827,1,57,50,1,6.0,79.0,1.0,1.0,5.0,49.19357142857143,0.0,0.0,0.0,0.4642857142857143,0.0,1755.2817857142857,1750.4042857142856,9.0,6.0,1474.3214285714287,1455.0357142857142,607.1428571428571,17.857142857142858,843.25,26.0,23.0,4.0,1.0,17.0,7.113194125783108
739,1,69,55,1,1.0,8.0,1.0,2.0,1.0,5519.308928571429,0.0,9824.236785714285,0.0,0.0,3868.679642857143,208.4467857142857,150.00357142857143,4.0,2.0,287.00357142857143,282.575,0.0,211.18214285714288,0.0,7.0,5.0,0.0,3.0,0.0,4.567622904919015
137,0,63,168,3,6.0,1.0,2.0,2.0,5.0,185.72214285714287,0.0,0.0,0.0,0.0,0.0,447.11285714285714,447.11285714285714,2.0,2.0,503.98071428571427,503.98071428571427,178.57142857142858,255.90928571428572,67.42857142857143,11.0,11.0,1.0,6.0,3.0,1.297209537453468
1160,1,19,260,1,6.0,79.0,1.0,2.0,1.0,2723.980357142857,0.0,0.0,0.0,0.0,4239.8775000000005,884.592857142857,865.2971428571428,3.0,2.0,929.5178571428571,925.625,285.7142857142857,190.81428571428572,178.64285714285714,28.0,26.0,3.0,9.0,7.0,2.1259510592900845
729,1,17,85,1,1.0,1.0,1.0,2.0,5.0,2082.3089285714286,0.0,0.0,0.0,0.0,0.0,1069.8657142857144,1069.8110714285715,6.0,5.0,4748.714285714285,4748.714285714285,0.0,0.0,462.7857142857143,14.0,14.0,0.0,0.0,11.0,3.805026831359421
682,0,3,149,1,1.0,11.0,2.0,2.0,5.0,684.2814285714286,4557.6075,1146.4175,0.0,0.0,0.0,1152.682857142857,866.5007142857143,5.0,3.0,1043.5357142857142,1043.5357142857142,742.8571428571429,0.0,297.92857142857144,22.0,22.0,12.0,0.0,2.0,8.539838409247189
938,1,57,33,1,1.0,2.0,2.0,2.0,5.0,7.576785714285714,52743.09071428572,0.0,0.0,0.0,0.0,448.46714285714285,448.46500000000003,3.0,2.0,470.5285714285714,470.5285714285714,85.71428571428571,221.52857142857144,163.28571428571428,17.0,17.0,2.0,9.0,6.0,2.3240338267107887
285,0,76,249,1,6.0,79.0,2.0,2.0,5.0,89.44571428571429,0.0,0.0,0.0,0.0,0.0,388.6432142857143,388.6432142857143,2.0,2.0,395.14285714285717,395.14285714285717,382.14285714285717,7.107142857142857,0.0,6.0,6.0,2.0,1.0,0.0,2.50248166738263
1404,0,68,11,1,6.0,79.0,2.0,2.0,5.0,133.43107142857144,0.0,0.0,0.0,0.0,0.0,198.96071428571426,198.96071428571426,3.0,3.0,65.71428571428571,65.71428571428571,0.0,0.0,64.60714285714286,3.0,3.0,0.0,0.0,2.0,3.804959329601221
317,1,35,53,1,6.0,79.0,2.0,2.0,5.0,6.373928571428571,0.0,0.0,0.0,0.0,0.0,709.0907142857143,709.0907142857143,3.0,3.0,0.0,0.0,0.0,0.0,0.0,0.0,0.0,0.0,0.0,0.0,-0.44957974853333216
1461,1,32,158,1,6.0,79.0,1.0,2.0,5.0,38.30357142857143,0.0,0.0,0.0,0.0,0.0,1056.6385714285714,749.9442857142857,12.0,10.0,1217.6742857142856,749.9442857142857,0.0,0.0,434.57142857142856,19.0,10.0,0.0,0.0,5.0,3.962740524731739
236,0,37,168,1,6.0,79.0,2.0,2.0,5.0,561.1032142857142,0.0,0.0,0.0,0.0,0.0,433.3582142857143,433.3582142857143,3.0,3.0,512.7392857142858,512.7392857142858,450.0,35.346428571428575,21.428571428571427,25.0,25.0,11.0,3.0,1.0,7.200551401203567
1545,1,60,159,1,1.0,79.0,2.0,2.0,5.0,8478.090357142857,281.9692857142857,0.0,0.0,0.0,0.0,0.05178571428571428,0.0075,8.0,1.0,14.298214285714286,14.285714285714286,0.0,0.0,0.0,6.0,1.0,0.0,0.0,0.0,6.81653972925306
248,0,27,127,1,6.0,79.0,2.0,2.0,5.0,776.5903571428571,0.0,0.0,0.0,0.0,0.0,325.01928571428573,325.01928571428573,3.0,3.0,253.1239285714286,253.1239285714286,132.14285714285714,72.99499999999999,47.98607142857143,14.0,14.0,4.0,9.0,1.0,2.928607366255467
1469,0,32,15,1,1.0,4.0,2.0,2.0,5.0,32.54357142857143,9686.63107142857,0.0,0.0,0.0,0.0,560.1278571428571,555.5128571428571,4.0,2.0,0.0,0.0,0.0,0.0,0.0,0.0,0.0,0.0,0.0,0.0,4.892248856970102
840,0,67,86,1,6.0,79.0,2.0,1.0,5.0,14.712142857142856,0.0,0.0,0.0,0.0,0.0,336.90857142857146,335.73,6.0,4.0,1380.3103571428571,1377.9532142857145,71.42857142857143,642.8571428571429,236.24964285714285,13.0,9.0,2.0,1.0,3.0,-0.389139644761221
478,1,41,11,1,6.0,79.0,1.0,2.0,5.0,33573.15178571428,0.0,0.0,0.0,0.0,0.0,20.075,20.075,3.0,3.0,247.5,247.5,0.0,0.0,247.5,5.0,5.0,0.0,0.0,5.0,6.386304124889298
203,0,57,181,1,6.0,79.0,2.0,2.0,5.0,10.772857142857143,0.0,0.0,0.0,0.0,0.0,503.57464285714286,503.57464285714286,2.0,2.0,556.3928571428571,556.3928571428571,553.5714285714286,0.0,0.0,11.0,11.0,6.0,0.0,0.0,4.497017315609286
519,1,17,151,1,6.0,79.0,2.0,2.0,5.0,210.84464285714284,0.0,0.0,0.0,0.0,0.0,458.97035714285715,458.97035714285715,2.0,2.0,486.64964285714285,486.64964285714285,364.2857142857143,89.09571428571428,30.66107142857143,10.0,10.0,3.0,2.0,3.0,-0.8348588945727974
1001,1,64,9,1,6.0,79.0,1.0,2.0,5.0,714.4475,0.0,0.0,529.8546428571428,0.0,0.0,1302.1778571428572,1302.1778571428572,2.0,2.0,610.3839285714286,610.3839285714286,353.16964285714283,149.71428571428572,104.35714285714286,15.0,15.0,4.0,3.0,5.0,5.321451726746083
601,1,61,33,1,1.0,2.0,2.0,2.0,5.0,865.6828571428571,92884.32964285715,0.0,0.0,0.0,0.0,2363.577857142857,2357.1489285714283,4.0,2.0,2875.3928571428573,518.25,0.0,380.75,137.5,6.0,5.0,0.0,4.0,1.0,2.3451557873461653
1287,1,40,176,1,6.0,79.0,1.0,1.0,5.0,2962.5217857142857,0.0,0.0,0.0,315.01214285714286,0.0,3261.070714285714,2422.837142857143,18.0,14.0,3053.1717857142858,2476.4085714285716,678.5714285714286,12.460714285714285,689.5357142857143,42.0,26.0,7.0,1.0,10.0,2.5611493647752326
914,1,28,8,1,6.0,79.0,2.0,2.0,2.0,2.6075000000000004,0.0,0.0,0.0,0.0,12567.025714285714,18412.146785714285,6387.828214285714,6.0,3.0,20090.50357142857,2230.1464285714287,235.71428571428572,568.3035714285714,425.0,26.0,22.0,3.0,10.0,1.0,6.138392465744829
1060,1,40,88,1,6.0,79.0,2.0,2.0,5.0,633.7039285714285,0.0,0.0,0.0,0.0,0.0,157.0717857142857,157.0717857142857,5.0,5.0,144.04535714285714,144.04535714285714,46.42857142857143,96.36678571428571,0.0,9.0,9.0,1.0,7.0,0.0,-0.5135473701143112
322,0,1,92,1,1.0,79.0,2.0,2.0,5.0,2175.27,128617.59107142857,0.0,0.0,0.0,0.0,28.572499999999998,28.572499999999998,2.0,2.0,919.8214285714286,919.8214285714286,0.0,0.0,0.0,2.0,2.0,0.0,0.0,0.0,-2.493821051453172
37,0,30,172,1,1.0,79.0,2.0,2.0,5.0,19.013571428571428,3850.1732142857145,0.0,0.0,0.0,0.0,1205.1785714285713,1188.0828571428572,3.0,2.0,889.6303571428572,889.6303571428572,382.14285714285717,265.8803571428571,238.92857142857142,32.0,32.0,12.0,16.0,2.0,6.838621004577804
564,1,58,32,1,6.0,79.0,2.0,2.0,5.0,1391.6125,0.0,0.0,0.0,0.0,0.0,0.0017857142857142859,0.0017857142857142859,1.0,1.0,136.64285714285714,136.64285714285714,0.0,0.0,134.25,3.0,3.0,0.0,0.0,2.0,1.0051604632714244
1165,0,21,73,1,6.0,79.0,2.0,2.0,5.0,19180.76607142857,0.0,0.0,0.0,0.0,0.0,385.7160714285714,385.7160714285714,3.0,3.0,343.7482142857143,343.7482142857143,78.57142857142857,93.74821428571428,171.42857142857142,22.0,22.0,6.0,13.0,3.0,4.839467879779984
1303,1,52,151,1,6.0,79.0,2.0,2.0,5.0,24326.445,0.0,0.0,0.0,0.0,0.0,897.0828571428572,897.0828571428572,4.0,4.0,855.3603571428572,855.3603571428572,250.0,134.57464285714286,467.32142857142856,16.0,16.0,3.0,9.0,2.0,1.0154011818900441
554,1,40,150,1,6.0,79.0,2.0,2.0,5.0,2032.232857142857,0.0,0.0,0.0,0.0,0.0,482.1482142857143,482.1482142857143,3.0,3.0,618.4642857142857,618.4642857142857,285.7142857142857,0.0,330.4642857142857,7.0,7.0,2.0,0.0,4.0,-0.2789557406151962
1364,0,39,63,1,1.0,79.0,1.0,2.0,5.0,0.0,4846.536428571429,0.0,260.86357142857145,0.0,0.0,1168.9903571428572,1002.0071428571429,10.0,7.0,1517.7471428571428,1517.7471428571428,35.714285714285715,547.0328571428571,931.1785714285714,31.0,31.0,1.0,11.0,18.0,9.094132585102303
1600,0,44,200,1,1.0,79.0,1.0,2.0,5.0,243.63107142857143,7280.285714285715,0.0,0.0,0.0,0.0,3211.069285714286,1624.5657142857142,16.0,4.0,3235.036071428571,1610.4714285714285,464.2857142857143,142.98285714285714,71.42857142857143,14.0,11.0,2.0,2.0,1.0,21.953264556474366
542,1,24,25,1,6.0,79.0,1.0,2.0,5.0,1525.1414285714286,0.0,0.0,0.0,0.0,0.0,178.5732142857143,178.5732142857143,2.0,2.0,218.24178571428573,218.24178571428573,28.571428571428573,90.06321428571428,99.60714285714286,20.0,20.0,4.0,14.0,2.0,7.407277390588181
131,1,47,92,1,6.0,79.0,2.0,2.0,5.0,898.485,0.0,0.0,0.0,0.0,0.0,23.214285714285715,23.214285714285715,1.0,1.0,24.321428571428573,24.321428571428573,0.0,0.0,22.142857142857142,3.0,3.0,0.0,0.0,2.0,-0.022928092628749536
1413,1,31,52,1,1.0,79.0,2.0,2.0,5.0,237.29607142857142,56187.43392857142,0.0,0.0,0.0,0.0,6.4332142857142856,0.004642857142857143,2.0,1.0,143.16892857142858,143.16892857142858,0.0,122.91892857142857,20.25,15.0,15.0,0.0,14.0,1.0,-0.7929522016051525
1191,1,69,46,1,1.0,79.0,2.0,1.0,5.0,907.0853571428571,638.6628571428572,0.0,0.0,283.8092857142857,0.0,797.8167857142856,729.4671428571429,7.0,2.0,409.9132142857143,389.2264285714286,300.0,0.0,39.785714285714285,19.0,14.0,7.0,0.0,3.0,4.200733377753342
518,0,52,115,1,6.0,79.0,2.0,2.0,5.0,1704.7117857142857,0.0,0.0,0.0,0.0,0.0,535.7164285714285,535.7164285714285,3.0,3.0,556.3642857142858,556.3642857142858,125.0,358.04285714285714,41.67857142857143,14.0,14.0,2.0,7.0,2.0,2.675293706431272
291,0,72,12,2,6.0,79.0,2.0,2.0,5.0,805.28,0.0,0.0,0.0,0.0,0.0,690.0385714285715,690.0385714285715,3.0,3.0,771.9642857142857,771.9642857142857,0.0,0.0,768.5714285714286,6.0,6.0,0.0,0.0,5.0,3.4682025354323285
415,1,57,177,1,6.0,79.0,2.0,2.0,5.0,1188.3842857142859,0.0,0.0,0.0,0.0,0.0,107.1432142857143,107.1432142857143,2.0,2.0,26.82857142857143,26.82857142857143,14.285714285714286,12.542857142857143,0.0,10.0,10.0,2.0,8.0,0.0,0.4053962862508682
1505,1,60,176,1,3.0,79.0,1.0,1.0,5.0,73.135,3287.6585714285716,0.0,490.53035714285716,382.625,0.0,284.55357142857144,273.7010714285714,7.0,2.0,727.4642857142857,725.1071428571429,571.4285714285714,32.035714285714285,116.85714285714286,16.0,12.0,3.0,1.0,6.0,2.771451738980173
924,0,30,135,1,6.0,79.0,1.0,1.0,5.0,341.5514285714286,0.0,0.0,0.0,460.0892857142857,0.0,68371.54214285714,66908.95107142857,10.0,3.0,64608.361428571436,64178.18535714286,0.0,425.67607142857145,61955.10392857143,45.0,21.0,0.0,20.0,16.0,37.7783455413527
568,0,42,151,1,6.0,79.0,2.0,1.0,5.0,809.9760714285715,0.0,0.0,0.0,325.6457142857143,0.0,18.299285714285713,0.0010714285714285715,4.0,1.0,5.928571428571429,3.5714285714285716,0.0,0.0,0.0,6.0,2.0,0.0,0.0,0.0,-0.16753329529301142
1293,0,31,151,1,1.0,79.0,1.0,2.0,5.0,465.5467857142857,257.125,0.0,0.0,0.0,0.0,16961.991071428572,15080.345,22.0,14.0,17111.047142857144,15266.059285714286,185.71428571428572,0.0,13195.82142857143,23.0,15.0,1.0,0.0,5.0,21.126161193936802
492,0,24,139,1,6.0,79.0,2.0,1.0,5.0,8846.825714285715,0.0,0.0,0.0,0.4642857142857143,0.0,520.0707142857143,490.2910714285714,8.0,3.0,1111.1189285714286,966.0689285714286,278.57142857142856,0.0,663.9285714285714,34.0,25.0,11.0,0.0,6.0,7.55638088498101
1213,1,36,152,1,6.0,79.0,1.0,2.0,5.0,1615.3417857142856,0.0,0.0,0.0,0.0,0.0,2035.0546428571429,2035.0546428571429,11.0,11.0,1494.7142857142858,1494.7142857142858,1285.7142857142858,0.0,204.96428571428572,17.0,17.0,8.0,0.0,5.0,6.1508300139193555
1573,0,69,181,1,1.0,79.0,1.0,1.0,5.0,0.7410714285714286,2089.9389285714287,0.0,0.0,274.74285714285713,0.0,3912.39,1822.7685714285712,22.0,10.0,2271.4657142857145,1227.4139285714284,125.0,256.83892857142854,806.0357142857143,46.0,19.0,6.0,18.0,8.0,11.547678305753083
649,0,21,39,1,6.0,79.0,1.0,2.0,5.0,15377.353928571427,0.0,0.0,0.0,0.0,0.0,3536.4764285714286,2726.868214285714,31.0,26.0,3563.449642857143,2728.2967857142858,321.42857142857144,403.4207142857143,713.1857142857143,60.0,41.0,5.0,16.0,12.0,8.58873403395605
1322,1,63,52,1,6.0,2.0,1.0,2.0,5.0,454.69607142857143,0.0,0.0,93.72678571428571,0.0,0.0,836.6082142857142,836.6082142857142,2.0,2.0,811.8264285714286,811.8264285714286,207.14285714285714,136.70499999999998,338.92857142857144,15.0,15.0,1.0,6.0,5.0,7.590705812661513
372,0,39,172,1,2.0,79.0,2.0,2.0,5.0,21493.719642857144,6884.011785714285,0.0,0.0,0.0,0.0,178.5725,178.5725,2.0,2.0,119.82142857142857,119.82142857142857,117.85714285714286,0.0,0.0,4.0,4.0,3.0,0.0,0.0,1.649889501869899
946,1,48,154,1,1.0,1.0,2.0,1.0,5.0,9830.705357142857,1796.0335714285716,1131.907857142857,0.0,2.357142857142857,0.0,60.20178571428572,0.031785714285714285,7.0,1.0,2.357142857142857,0.9285714285714286,0.0,0.0,0.0,4.0,2.0,0.0,0.0,0.0,2.8434025482255887
890,1,35,22,1,1.0,79.0,2.0,2.0,5.0,1024.4442857142856,16727.635357142855,0.0,0.0,0.0,0.0,1394.6492857142857,1394.6482142857144,5.0,4.0,1577.5071428571428,1577.5071428571428,0.0,0.0,1178.5714285714287,4.0,4.0,0.0,0.0,1.0,0.33650863654814916
46,1,45,95,1,1.0,1.0,2.0,2.0,5.0,503.99357142857144,3628.3885714285716,1891.0521428571428,0.0,0.0,0.0,2470.3732142857143,2469.470357142857,6.0,5.0,4293.023214285714,2677.9160714285713,964.2857142857143,407.1660714285714,591.8571428571429,35.0,32.0,5.0,9.0,16.0,1.1140045337981446
230,1,40,271,1,6.0,79.0,1.0,2.0,5.0,74934.95607142858,0.0,0.0,0.0,0.0,0.0,5155.043214285714,3491.4614285714283,26.0,22.0,5331.315714285714,3480.247142857143,0.0,113.1082142857143,1267.0714285714287,41.0,22.0,0.0,2.0,12.0,2.9303502662738388
793,0,63,20,1,1.0,79.0,2.0,2.0,5.0,20.649285714285714,4004.674285714286,0.0,0.0,0.0,0.0,945.4446428571429,944.6789285714285,5.0,4.0,1014.4321428571428,1014.4321428571428,0.0,58.71785714285714,941.6071428571429,8.0,8.0,0.0,1.0,5.0,4.015373912961001
1306,0,43,102,1,6.0,79.0,2.0,2.0,5.0,253.21214285714285,0.0,0.0,0.0,0.0,0.0,979.4296428571428,979.4296428571428,3.0,3.0,885.9857142857143,885.9857142857143,661.7242857142857,220.6542857142857,0.0,11.0,11.0,3.0,6.0,0.0,2.2025796672500144
782,1,75,22,1,2.0,2.0,2.0,2.0,5.0,323.6771428571428,37651.5,69073.49214285714,0.0,0.0,0.0,64.56892857142857,63.25642857142857,3.0,2.0,346.5678571428571,346.5678571428571,0.0,343.175,0.0,25.0,25.0,0.0,24.0,0.0,1.4544499377320124
1232,1,56,149,1,6.0,79.0,2.0,2.0,5.0,18.089285714285715,0.0,0.0,0.0,0.0,0.0,1209.542857142857,1209.542857142857,3.0,3.0,1338.365,1338.365,321.42857142857144,184.50785714285715,825.2857142857143,22.0,22.0,1.0,10.0,10.0,0.22595605982123934
1362,0,76,53,1,1.0,79.0,2.0,1.0,5.0,21933.971428571425,42857.729999999996,0.0,0.0,352.37392857142856,0.0,449.40857142857146,427.7610714285714,6.0,2.0,580.8553571428572,577.4485714285714,410.7142857142857,132.37714285714284,12.678571428571429,23.0,20.0,6.0,10.0,1.0,4.793498178261657
1043,0,52,1,1,6.0,79.0,1.0,2.0,1.0,658.5878571428572,0.0,0.0,0.0,0.0,5781.347500000001,3313.664642857143,1974.8707142857143,25.0,20.0,3696.1696428571427,1903.4421428571427,553.5714285714286,0.0,429.57142857142856,37.0,19.0,5.0,0.0,9.0,7.387680583975344
618,1,48,62,1,6.0,79.0,1.0,2.0,1.0,0.0,0.0,0.0,0.0,0.0,887.375,1266.7357142857143,1182.6810714285714,5.0,4.0,816.7889285714285,814.6817857142858,285.7142857142857,73.18178571428572,270.17857142857144,17.0,16.0,1.0,2.0,11.0,3.8058484073557377
908,1,43,179,1,6.0,79.0,2.0,2.0,5.0,54172.86928571429,0.0,0.0,0.0,0.0,0.0,0.2017857142857143,0.2017857142857143,1.0,1.0,1.9642857142857142,1.9642857142857142,0.0,0.0,0.0,1.0,1.0,0.0,0.0,0.0,-0.4233160486326835
867,0,36,62,1,6.0,79.0,1.0,2.0,5.0,1097.7342857142858,0.0,0.0,0.0,0.0,0.0,0.0007142857142857143,0.0007142857142857143,1.0,1.0,224.00607142857143,224.00607142857143,0.0,93.86321428571429,126.75,5.0,5.0,0.0,2.0,2.0,7.808553263803212
1205,1,69,83,1,6.0,79.0,1.0,2.0,5.0,628.3125,0.0,0.0,176.88535714285715,0.0,0.0,365.0857142857143,365.0857142857143,3.0,3.0,387.4392857142857,387.4392857142857,160.71428571428572,27.832142857142856,194.07142857142858,13.0,13.0,5.0,3.0,4.0,7.63085847585083
1344,1,21,100,1,6.0,79.0,1.0,2.0,5.0,33954.502857142856,0.0,0.0,0.0,0.0,0.0,402.2885714285714,402.2885714285714,5.0,5.0,690.3285714285714,690.3285714285714,267.85714285714283,63.38928571428572,355.6892857142857,15.0,15.0,2.0,3.0,9.0,5.4458108249859025
1267,0,37,125,1,1.0,79.0,1.0,2.0,1.0,1753.0407142857143,1959.8710714285714,0.0,461.3339285714286,0.0,4312.384642857143,1284.8639285714287,1028.784642857143,17.0,12.0,1238.0685714285714,1028.784642857143,600.0,0.0,83.53571428571429,32.0,19.0,5.0,0.0,4.0,3.811095378710803
420,1,47,74,1,1.0,1.0,2.0,2.0,5.0,0.0,57822.75714285714,0.0,0.0,0.0,0.0,5620.5425000000005,3085.5864285714283,5.0,3.0,4114.8378571428575,4114.8378571428575,1428.5714285714287,0.0,2686.0521428571433,6.0,6.0,2.0,0.0,3.0,2.3311973351492044
734,1,64,134,1,1.0,79.0,2.0,2.0,5.0,69.51107142857143,57901.67928571429,0.0,0.0,0.0,0.0,9000.198214285714,8470.18857142857,17.0,14.0,11324.370714285715,7752.942142857143,3535.714285714286,402.9535714285715,3631.952857142857,37.0,35.0,6.0,5.0,20.0,1.0332540182117498
43,0,65,83,1,6.0,79.0,1.0,2.0,5.0,26315.770357142854,0.0,0.0,0.0,0.0,0.0,2230.964285714286,1716.5910714285715,22.0,18.0,2242.764642857143,1812.1853571428571,410.7142857142857,334.59785714285715,551.6428571428571,51.0,37.0,7.0,10.0,13.0,12.151741406686115
1151,1,22,45,1,6.0,79.0,1.0,2.0,1.0,35454.3,0.0,0.0,12.34,0.0,1651.2996428571428,3153.4582142857143,1986.2546428571427,42.0,35.0,2921.8660714285716,2037.3617857142856,112.13,222.46392857142857,457.35714285714283,66.0,36.0,6.0,11.0,7.0,2.015146258933557
1042,1,61,83,1,6.0,79.0,1.0,2.0,5.0,13648.459642857142,0.0,0.0,0.0,0.0,0.0,1963.2210714285716,1681.1785714285713,35.0,30.0,2747.335714285714,2039.0874999999999,164.28571428571428,883.6878571428571,703.1428571428571,96.0,74.0,8.0,40.0,17.0,7.609300601559582
964,1,52,61,1,6.0,79.0,1.0,2.0,5.0,2445.9664285714284,0.0,0.0,345.0017857142857,0.0,0.0,2985.0164285714286,2234.6867857142856,19.0,17.0,3729.8375,2234.6867857142856,142.85714285714286,423.25,914.5357142857143,35.0,20.0,1.0,6.0,10.0,0.33925780243146275
563,0,26,150,1,1.0,4.0,1.0,2.0,5.0,56.62785714285714,0.44749999999999995,263.9532142857143,255.48535714285714,0.0,0.0,1321.2260714285715,1142.6110714285714,4.0,2.0,1054.857142857143,1054.857142857143,203.57142857142858,0.0,846.9285714285714,20.0,20.0,3.0,0.0,16.0,9.955171791631573
801,0,44,24,1,6.0,79.0,2.0,2.0,5.0,28.571428571428573,0.0,0.0,0.0,0.0,0.0,0.0007142857142857143,0.0007142857142857143,1.0,1.0,305.575,305.575,57.142857142857146,211.28928571428574,35.714285714285715,9.0,9.0,3.0,4.0,1.0,4.002643332579069
1175,0,21,233,1,6.0,79.0,2.0,2.0,5.0,25428.11142857143,0.0,0.0,0.0,0.0,0.0,527.9296428571429,527.9296428571429,3.0,3.0,887.8178571428572,887.8178571428572,635.7142857142857,27.103571428571428,221.42857142857142,14.0,14.0,7.0,3.0,3.0,2.93464745872017
952,0,71,165,1,6.0,79.0,2.0,2.0,1.0,72.4042857142857,0.0,0.0,0.0,0.0,1447.7096428571429,203.8225,148.1242857142857,5.0,4.0,223.39285714285714,219.42857142857142,142.85714285714286,0.0,7.142857142857143,7.0,5.0,1.0,0.0,1.0,-0.07214210127066763
1027,0,64,150,1,6.0,79.0,2.0,2.0,5.0,5265.1167857142855,0.0,0.0,0.0,0.0,0.0,478.82,478.82,2.0,2.0,462.74392857142857,462.74392857142857,0.0,73.61857142857143,385.5182142857143,18.0,18.0,0.0,12.0,5.0,3.0294995337792656
1399,1,24,151,1,6.0,1.0,2.0,1.0,1.0,0.0,0.0,0.0,0.0,301.11571428571426,5921.967857142858,1988.6453571428572,1632.6539285714284,14.0,4.0,1680.8153571428572,1461.6967857142859,57.142857142857146,136.56392857142856,931.2903571428571,58.0,21.0,3.0,27.0,8.0,-5.847808050063531
905,1,37,11,1,6.0,79.0,2.0,2.0,5.0,4899.0482142857145,0.0,0.0,0.0,0.0,0.0,573.8610714285714,573.8610714285714,2.0,2.0,634.8453571428571,634.8453571428571,0.0,0.0,631.4525,2.0,2.0,0.0,0.0,1.0,0.5572557626437066
21,0,24,60,1,1.0,79.0,2.0,2.0,5.0,434.7425,173499.86285714287,0.0,0.0,0.0,0.0,409.8507142857143,409.30035714285714,3.0,2.0,505.6535714285714,505.6535714285714,178.57142857142858,259.18928571428575,64.28571428571429,22.0,22.0,4.0,14.0,3.0,1.9093299025352883
194,1,27,2,1,6.0,79.0,2.0,2.0,5.0,239.06392857142856,0.0,0.0,0.0,0.0,0.0,58.93071428571428,58.93071428571428,3.0,3.0,342.70714285714286,342.70714285714286,0.0,0.0,0.0,3.0,3.0,0.0,0.0,0.0,-0.26628514068818565
672,1,4,261,1,6.0,79.0,2.0,2.0,5.0,47.964642857142856,0.0,0.0,0.0,0.0,0.0,350.7910714285714,350.7910714285714,2.0,2.0,291.83214285714286,291.83214285714286,0.0,0.0,0.0,2.0,2.0,0.0,0.0,0.0,-3.5101387777091753
385,0,51,70,1,3.0,2.0,1.0,2.0,5.0,2717.866785714286,48214.33392857143,8922.489285714286,0.0,0.0,0.0,956.0699999999999,955.5775,4.0,3.0,1099.0385714285715,1099.0385714285715,964.2857142857143,0.0,131.25285714285715,15.0,15.0,4.0,0.0,10.0,10.412063075500253
1014,1,37,152,1,6.0,79.0,2.0,2.0,5.0,10020.610357142858,0.0,0.0,0.0,0.0,0.0,886.9350000000001,886.9350000000001,2.0,2.0,1014.0714285714286,1014.0714285714286,835.7142857142857,0.0,176.42857142857142,16.0,16.0,6.0,0.0,5.0,1.5758067142009142
103,0,80,199,1,6.0,79.0,2.0,2.0,5.0,42.99071428571428,0.0,0.0,0.0,0.0,0.0,0.010357142857142856,0.0007142857142857143,2.0,1.0,6.438214285714286,6.428571428571429,0.0,0.0,0.0,2.0,1.0,0.0,0.0,0.0,3.6620331715070304
900,1,48,251,1,6.0,79.0,2.0,2.0,5.0,7.145714285714286,0.0,0.0,0.0,0.0,0.0,71.43249999999999,71.43249999999999,2.0,2.0,34.13785714285714,34.13785714285714,0.0,9.137857142857143,25.0,3.0,3.0,0.0,2.0,1.0,-1.8101050137012893
48,1,64,92,1,6.0,5.0,1.0,2.0,5.0,2418.3175,0.0,59721.75928571429,0.0,0.0,0.0,360.97499999999997,360.97499999999997,2.0,2.0,308.5357142857143,308.5357142857143,178.57142857142858,0.0,128.67857142857142,8.0,8.0,1.0,0.0,6.0,6.898209757434725
1471,0,75,108,1,6.0,79.0,1.0,2.0,5.0,4428.725714285714,0.0,0.0,0.0,0.0,0.0,2781.927857142857,1763.2392857142856,20.0,17.0,2780.5139285714286,1763.2392857142856,400.0,37.714285714285715,481.3721428571429,37.0,21.0,7.0,4.0,5.0,9.924400908459134
1159,0,33,128,1,1.0,79.0,2.0,2.0,5.0,467.1382142857143,21.534285714285716,0.0,0.0,0.0,0.0,2501.0460714285714,2500.002857142857,7.0,6.0,4964.964285714285,2464.964285714286,1250.0,0.0,1211.392857142857,25.0,20.0,5.0,0.0,11.0,1.8805274408059502
546,0,63,47,1,6.0,79.0,2.0,2.0,5.0,1023.3364285714285,0.0,0.0,0.0,0.0,0.0,892.8614285714285,892.8614285714285,3.0,3.0,564.7675,564.7675,225.0,338.5175,0.0,34.0,34.0,6.0,27.0,0.0,6.051456994427349
1346,0,32,77,2,6.0,79.0,2.0,2.0,5.0,651.4214285714286,0.0,0.0,0.0,0.0,0.0,11.250357142857142,11.250357142857142,2.0,2.0,14.642857142857142,14.642857142857142,0.0,0.0,11.25,2.0,2.0,0.0,0.0,1.0,0.8495590256841816
692,1,32,126,1,6.0,79.0,1.0,2.0,5.0,641.1296428571429,0.0,0.0,0.0,0.0,0.0,1092.6328571428571,930.532142857143,13.0,10.0,1142.7139285714286,980.6467857142858,71.42857142857143,120.39285714285714,567.0103571428572,31.0,25.0,2.0,9.0,9.0,7.8326521367794495
1052,1,34,150,1,6.0,79.0,2.0,2.0,5.0,1.2785714285714285,0.0,0.0,0.0,0.0,0.0,35.714285714285715,35.714285714285715,1.0,1.0,0.0,0.0,0.0,0.0,0.0,0.0,0.0,0.0,0.0,0.0,-1.324420928857733
388,0,40,89,1,6.0,79.0,2.0,1.0,5.0,357.14285714285717,0.0,0.0,0.0,0.7142857142857143,0.0,5014.412142857143,3304.287857142857,12.0,5.0,3428.0135714285716,3412.3892857142855,0.0,0.0,1447.25,25.0,19.0,0.0,0.0,13.0,6.9521875704606435
306,0,52,78,1,1.0,79.0,2.0,2.0,5.0,224.45428571428573,901.3535714285715,0.0,0.0,0.0,0.0,1663.3025,588.8546428571428,4.0,2.0,1266.8214285714287,1266.8214285714287,0.0,0.0,195.39285714285714,4.0,4.0,0.0,0.0,3.0,3.862635597023996
219,1,70,50,1,1.0,27.0,2.0,2.0,5.0,1400.1689285714288,389883.8307142857,15095.649285714286,0.0,0.0,0.0,33213.0075,8192.971071428572,6.0,3.0,40102.309285714284,40102.309285714284,0.0,0.0,25498.309285714287,17.0,17.0,0.0,0.0,9.0,5.551247859245605
395,0,49,150,1,6.0,79.0,1.0,2.0,5.0,102.75714285714285,0.0,0.0,0.0,0.0,0.0,416.92285714285714,382.0642857142857,7.0,5.0,468.1471428571429,433.40500000000003,275.0,113.01071428571429,0.0,16.0,13.0,4.0,5.0,0.0,10.718612316670429
1087,1,29,34,1,1.0,18.0,2.0,2.0,5.0,0.0,0.0,3687.2599999999998,0.0,0.0,0.0,1430.577142857143,1428.5825,3.0,2.0,1508.7857142857142,80.21428571428571,0.0,80.21428571428571,0.0,2.0,1.0,0.0,1.0,0.0,0.4524351286084559
1384,1,27,124,1,1.0,79.0,1.0,1.0,5.0,8270.066428571428,237.14892857142857,0.0,713.1942857142857,479.3607142857143,0.0,847.4782142857142,845.97,6.0,2.0,652.9621428571428,651.5335714285713,178.57142857142858,146.82642857142858,325.20714285714286,14.0,12.0,1.0,5.0,4.0,-1.2176639899005104
714,1,52,181,1,1.0,79.0,2.0,2.0,5.0,224.44250000000002,5495.8610714285705,0.0,0.0,0.0,0.0,23.684642857142855,0.020714285714285713,4.0,2.0,111.1417857142857,111.1417857142857,0.0,0.0,107.21392857142857,6.0,6.0,0.0,0.0,4.0,0.8272992578458258
942,1,40,76,1,2.0,3.0,2.0,2.0,5.0,2841.414285714286,27797.979642857146,0.0,0.0,0.0,0.0,226.26107142857146,214.29035714285715,3.0,2.0,173.92857142857142,173.92857142857142,0.0,0.0,173.5,4.0,4.0,0.0,0.0,3.0,1.0858255183030234
639,0,81,234,1,6.0,79.0,2.0,2.0,5.0,736.9435714285713,0.0,0.0,0.0,0.0,0.0,714.3896428571428,714.3896428571428,2.0,2.0,667.6071428571429,667.6071428571429,357.14285714285717,310.4642857142857,0.0,3.0,3.0,1.0,2.0,0.0,1.3573180561018707
1406,0,21,181,1,6.0,79.0,2.0,2.0,5.0,55383.79785714286,0.0,0.0,0.0,0.0,0.0,35.714285714285715,35.714285714285715,1.0,1.0,35.714285714285715,35.714285714285715,0.0,0.0,35.714285714285715,1.0,1.0,0.0,0.0,1.0,1.177152011026203
709,1,26,25,1,6.0,79.0,2.0,2.0,5.0,683.5714285714286,0.0,0.0,0.0,0.0,0.0,5259.26,5259.26,2.0,2.0,8651.025,8651.025,214.28571428571428,94.09642857142856,8337.535714285714,16.0,16.0,2.0,3.0,8.0,4.547905763878391
982,0,86,88,1,6.0,79.0,2.0,2.0,5.0,1813.5207142857143,0.0,0.0,0.0,0.0,0.0,0.009642857142857144,0.009642857142857144,1.0,1.0,1805.0464285714286,1805.0464285714286,1071.4285714285713,30.260714285714283,569.1785714285714,18.0,18.0,1.0,3.0,11.0,3.3926540129097784
428,1,49,102,2,6.0,79.0,2.0,2.0,5.0,3779.613214285714,0.0,0.0,0.0,0.0,0.0,560.6892857142857,560.6892857142857,3.0,3.0,1242.7839285714285,1242.7839285714285,714.2857142857143,0.0,525.7839285714286,12.0,12.0,3.0,0.0,7.0,-0.32284574666509747
1522,1,72,143,1,1.0,2.0,2.0,1.0,5.0,68.95928571428571,49838.29142857143,0.0,0.0,212.11535714285714,0.0,3483.031428571429,2840.823928571429,13.0,6.0,2926.779642857143,2793.283214285714,0.0,128.1392857142857,2176.214285714286,16.0,11.0,0.0,2.0,9.0,3.857884233848562
68,1,54,20,1,6.0,79.0,1.0,2.0,5.0,4714.448214285714,0.0,0.0,0.0,0.0,0.0,874.6642857142857,832.8860714285714,6.0,4.0,815.5914285714287,773.8510714285715,678.5553571428571,34.339285714285715,10.714285714285714,33.0,31.0,13.0,3.0,1.0,15.768463997611976
438,0,30,217,1,6.0,79.0,2.0,2.0,5.0,8206.767142857143,0.0,0.0,0.0,0.0,0.0,536.4296428571429,536.4296428571429,3.0,3.0,480.6857142857143,480.6857142857143,300.0,89.00714285714285,89.28571428571429,17.0,17.0,4.0,8.0,2.0,2.4024335870920486
479,1,30,96,1,1.0,1.0,1.0,1.0,5.0,74.80785714285715,4352.067857142857,0.0,0.0,627.8571428571429,0.0,887.9725,886.0814285714285,9.0,5.0,420.4785714285714,419.05,167.85714285714286,164.12142857142857,82.32142857142857,24.0,22.0,2.0,9.0,9.0,5.083405486379821
1519,1,41,4,1,6.0,79.0,1.0,2.0,5.0,165.2125,0.0,0.0,1076.430357142857,0.0,0.0,582.0442857142857,437.59357142857147,8.0,6.0,696.6153571428571,437.59357142857147,178.57142857142858,0.0,110.75,10.0,6.0,1.0,0.0,2.0,0.40725747435232074
1355,0,55,101,1,6.0,79.0,2.0,2.0,5.0,0.5932142857142857,0.0,0.0,0.0,0.0,0.0,921.1196428571428,921.1196428571428,2.0,2.0,0.8928571428571429,0.8928571428571429,0.0,0.0,0.0,1.0,1.0,0.0,0.0,0.0,2.673734003919167
282,1,50,152,1,1.0,79.0,1.0,2.0,5.0,750.2471428571428,6746.3125,0.0,0.0,0.0,0.0,389.1582142857143,384.7546428571428,4.0,2.0,393.5357142857143,393.5357142857143,71.42857142857143,0.0,319.07142857142856,7.0,7.0,1.0,0.0,5.0,7.134605336991675
617,0,29,26,1,6.0,79.0,1.0,2.0,5.0,5577.357142857143,0.0,0.0,0.0,0.0,0.0,0.013928571428571429,0.013928571428571429,1.0,1.0,1.9642857142857142,1.9642857142857142,0.0,0.0,0.0,1.0,1.0,0.0,0.0,0.0,7.984779214254401
365,1,60,192,1,6.0,79.0,2.0,2.0,5.0,2664.743214285714,0.0,0.0,0.0,0.0,0.0,0.0,0.0,0.0,0.0,71.25,71.25,67.85714285714286,0.0,0.0,3.0,3.0,2.0,0.0,0.0,0.47939584701286697
455,0,32,15,1,2.0,79.0,2.0,1.0,5.0,33553.847499999996,1073.4035714285715,0.0,0.0,530.3564285714285,0.0,3024.1539285714284,1683.0082142857143,24.0,10.0,2577.4185714285713,1682.9971428571428,0.0,382.4396428571428,374.42857142857144,47.0,10.0,0.0,24.0,6.0,1.3304328433035704
1155,0,69,219,1,6.0,79.0,2.0,2.0,5.0,31.785714285714285,0.0,0.0,0.0,0.0,0.0,107.1432142857143,107.1432142857143,2.0,2.0,107.85714285714286,107.85714285714286,107.14285714285714,0.0,0.0,3.0,3.0,2.0,0.0,0.0,2.68039574763797
1425,0,32,66,1,6.0,4.0,1.0,2.0,5.0,645.7096428571429,0.0,10888.256785714286,0.0,0.0,0.0,543.4471428571429,543.4471428571429,2.0,2.0,539.9685714285714,539.9685714285714,21.428571428571427,0.0,494.71857142857147,10.0,10.0,1.0,0.0,5.0,9.860510895963639
1041,1,61,11,1,6.0,1.0,1.0,1.0,5.0,22.291071428571428,0.0,178571.42857142858,0.0,30.928571428571427,0.0,7830.309642857143,4444.768214285714,22.0,13.0,7356.996785714286,4700.996785714286,89.28571428571429,787.1374999999999,882.3571428571429,31.0,14.0,2.0,7.0,3.0,6.594378140843615
96,1,30,151,1,1.0,2.0,2.0,2.0,5.0,22.32857142857143,2077.6125,14285.714285714286,0.0,0.0,0.0,438.7257142857143,438.29857142857145,3.0,2.0,110.35714285714286,110.35714285714286,0.0,0.0,108.57142857142857,3.0,3.0,0.0,0.0,2.0,-0.28637233151136765
1330,1,6,31,1,1.0,79.0,2.0,2.0,5.0,5264.3267857142855,118932.76392857144,0.0,0.0,0.0,0.0,343.3767857142857,343.3767857142857,3.0,3.0,342.85714285714283,342.85714285714283,342.85714285714283,0.0,0.0,2.0,2.0,2.0,0.0,0.0,-3.4222321573782324
1253,1,50,134,1,6.0,79.0,1.0,2.0,5.0,1181.3639285714287,0.0,0.0,0.0,0.0,0.0,345.7682142857143,345.7682142857143,5.0,5.0,418.67857142857144,418.67857142857144,0.0,0.0,414.32142857142856,14.0,14.0,0.0,0.0,13.0,5.501005949098496
252,1,45,79,1,1.0,79.0,2.0,2.0,5.0,130.73357142857142,8247.858214285714,0.0,0.0,0.0,0.0,398.1464285714286,0.03321428571428572,5.0,1.0,969.7142857142857,969.7142857142857,0.0,775.0714285714286,190.60714285714286,5.0,5.0,0.0,1.0,3.0,2.488988406894503
873,0,31,150,1,6.0,79.0,2.0,2.0,5.0,107.2625,0.0,0.0,0.0,0.0,0.0,20647.720714285715,20647.720714285715,13.0,13.0,35196.56642857143,35196.56642857143,0.0,1745.1371428571426,30069.696428571428,64.0,64.0,0.0,31.0,23.0,10.539580342379823
966,1,44,217,1,6.0,79.0,2.0,2.0,5.0,476.2132142857143,0.0,0.0,0.0,0.0,0.0,0.0,0.0,0.0,0.0,0.8939285714285715,0.8939285714285715,0.0,0.0,0.0,1.0,1.0,0.0,0.0,0.0,-1.3215769904262864
1246,0,42,180,1,6.0,79.0,2.0,2.0,5.0,12519.4,0.0,0.0,0.0,0.0,0.0,0.03357142857142857,0.03357142857142857,1.0,1.0,500.8878571428572,500.8878571428572,440.4785714285714,19.082142857142856,35.714285714285715,10.0,10.0,3.0,2.0,1.0,2.687972652563541
895,0,22,25,1,1.0,79.0,2.0,2.0,5.0,997.9667857142857,26797.119285714285,0.0,0.0,0.0,0.0,478.35035714285715,464.8385714285714,4.0,2.0,542.3214285714286,542.3214285714286,535.7142857142857,0.0,6.607142857142857,4.0,4.0,3.0,0.0,1.0,3.7925856090746137
1554,0,46,150,1,6.0,79.0,2.0,2.0,5.0,9641.124642857143,0.0,0.0,0.0,0.0,0.0,174.2867857142857,174.2867857142857,3.0,3.0,350.81857142857143,350.81857142857143,125.0,13.782857142857143,204.89285714285714,10.0,10.0,3.0,4.0,2.0,3.208965050478726
475,0,68,113,1,1.0,1.0,2.0,2.0,5.0,9428.947857142857,3586.7517857142857,0.0,0.0,0.0,0.0,1758.7685714285712,1757.7225,5.0,4.0,1351.6692857142857,1351.6692857142857,178.57142857142858,214.06214285714285,944.75,23.0,23.0,2.0,6.0,14.0,5.660946831073567
271,1,24,70,1,2.0,1.0,2.0,2.0,5.0,0.0014285714285714286,3822.741785714286,4394.670714285714,0.0,0.0,0.0,391.65785714285715,242.8232142857143,7.0,5.0,123.80535714285715,123.80535714285715,0.0,0.0,120.41250000000001,8.0,8.0,0.0,0.0,7.0,1.885581862084706
323,0,38,63,1,6.0,79.0,2.0,2.0,5.0,3743.776428571429,0.0,0.0,0.0,0.0,0.0,768.7171428571429,768.7171428571429,6.0,6.0,837.0317857142857,837.0317857142857,785.7142857142857,0.0,47.924642857142864,10.0,10.0,7.0,0.0,2.0,4.163295592468441
1094,1,25,8,1,6.0,79.0,2.0,2.0,5.0,89.02250000000001,0.0,0.0,0.0,0.0,0.0,0.011785714285714287,0.011785714285714287,1.0,1.0,1366.3139285714285,1366.3139285714285,53.57142857142857,351.9503571428572,891.3278571428572,31.0,31.0,1.0,21.0,4.0,0.9233337365079601
1549,1,34,237,1,1.0,79.0,2.0,2.0,5.0,1161.5057142857142,57906.44357142857,0.0,0.0,0.0,0.0,7446.471428571429,285.80285714285714,10.0,2.0,8567.43642857143,8567.338214285714,0.0,84.90964285714286,8477.5,14.0,9.0,0.0,1.0,6.0,9.155558360920951
1302,1,66,69,1,1.0,79.0,2.0,2.0,5.0,35.83464285714286,1888.0625,0.0,0.0,0.0,0.0,16.9525,0.011785714285714287,3.0,1.0,1470.8103571428571,1113.6675,0.0,238.67035714285717,822.1071428571429,9.0,8.0,0.0,4.0,2.0,1.9321311896303475
20,1,27,181,1,1.0,79.0,2.0,2.0,5.0,2194.472142857143,18302.0625,0.0,0.0,0.0,0.0,452.6175,451.55,4.0,3.0,221.42857142857142,221.42857142857142,107.14285714285714,10.714285714285714,103.57142857142857,7.0,7.0,3.0,1.0,3.0,-0.5831348618791126
576,1,58,63,1,6.0,79.0,2.0,2.0,1.0,2.0210714285714286,0.0,0.0,0.0,0.0,883.7446428571428,303.3575,214.29142857142855,3.0,2.0,193.64285714285714,188.03571428571428,0.0,0.0,88.57142857142857,6.0,4.0,0.0,0.0,2.0,-2.1022298084050677
1154,1,82,151,1,6.0,79.0,2.0,2.0,5.0,10.644642857142857,0.0,0.0,0.0,0.0,0.0,418.90142857142854,418.90142857142854,2.0,2.0,269.6035714285714,269.6035714285714,71.42857142857143,132.925,62.642857142857146,11.0,11.0,1.0,6.0,3.0,0.9960657686894113
497,1,42,181,1,6.0,79.0,2.0,2.0,5.0,930.3110714285714,0.0,0.0,0.0,0.0,0.0,0.0017857142857142859,0.0017857142857142859,1.0,1.0,0.0,0.0,0.0,0.0,0.0,0.0,0.0,0.0,0.0,0.0,-1.318333621800013
836,0,27,129,2,6.0,79.0,2.0,2.0,5.0,920.6767857142858,0.0,0.0,0.0,0.0,0.0,0.00035714285714285714,0.00035714285714285714,1.0,1.0,1.9642857142857142,1.9642857142857142,0.0,0.0,0.0,1.0,1.0,0.0,0.0,0.0,0.25008715613475535
921,0,36,167,2,6.0,79.0,2.0,2.0,5.0,2691.9957142857143,0.0,0.0,0.0,0.0,0.0,309.04607142857145,309.04607142857145,3.0,3.0,302.6642857142857,302.6642857142857,239.28571428571428,63.378571428571426,0.0,19.0,19.0,10.0,9.0,0.0,4.827019785586085
926,1,72,188,1,6.0,79.0,1.0,2.0,5.0,2860.8021428571433,0.0,0.0,0.0,0.0,0.0,1300.8382142857142,1300.8382142857142,4.0,4.0,1368.5357142857142,1368.5357142857142,1142.857142857143,0.0,221.64285714285714,12.0,12.0,3.0,0.0,8.0,5.439187486221334
1167,0,53,53,1,1.0,79.0,1.0,2.0,5.0,213.06857142857143,3877.464285714286,0.0,0.0,0.0,0.0,1161.5360714285714,1160.870357142857,4.0,3.0,699.5782142857142,699.5782142857142,178.57142857142858,65.64964285714287,455.25,14.0,14.0,1.0,1.0,11.0,9.40276089573998
1436,1,24,123,1,1.0,6.0,2.0,2.0,5.0,1453.9053571428572,2331.7110714285714,4075.0,0.0,0.0,0.0,14.312857142857142,14.289285714285715,3.0,2.0,1.9642857142857142,1.9642857142857142,0.0,0.0,0.0,1.0,1.0,0.0,0.0,0.0,-0.4011239022321978
277,0,26,61,1,6.0,79.0,1.0,2.0,5.0,423.3692857142857,0.0,0.0,0.0,0.0,0.0,55.11642857142857,45.41535714285715,5.0,4.0,90.8307142857143,45.41535714285715,32.142857142857146,0.0,3.5714285714285716,8.0,4.0,2.0,0.0,1.0,8.245486559846826
127,0,25,150,1,6.0,79.0,1.0,2.0,5.0,2893.112857142857,0.0,0.0,676.7528571428572,0.0,0.0,32.15,32.15,3.0,3.0,52.142857142857146,52.142857142857146,0.0,0.0,52.142857142857146,4.0,4.0,0.0,0.0,4.0,1.8801914530983679
1169,0,6,172,1,6.0,79.0,2.0,2.0,5.0,1824.0400000000002,0.0,0.0,0.0,0.0,0.0,655.2128571428572,655.2128571428572,2.0,2.0,691.8535714285715,691.8535714285715,500.0,189.8892857142857,0.0,9.0,9.0,1.0,7.0,0.0,-0.5766421070470984
585,1,30,30,1,6.0,2.0,2.0,2.0,5.0,47.573214285714286,0.0,2648.905357142857,0.0,0.0,0.0,842.8628571428571,842.8628571428571,3.0,3.0,1720.3764285714285,1720.3764285714285,392.85714285714283,972.4478571428572,293.57142857142856,34.0,34.0,1.0,22.0,7.0,-0.3166265965073861
591,0,36,150,1,6.0,79.0,1.0,2.0,5.0,0.0,0.0,0.0,0.0,0.0,0.0,86.41857142857143,84.39678571428571,7.0,6.0,161.6507142857143,77.25392857142857,35.714285714285715,34.732142857142854,3.5357142857142856,13.0,7.0,1.0,3.0,1.0,6.454445415340655
980,0,51,88,1,6.0,79.0,2.0,2.0,5.0,97.62857142857142,0.0,0.0,0.0,0.0,0.0,307.1432142857143,307.1432142857143,3.0,3.0,414.4642857142857,414.4642857142857,7.142857142857143,19.642857142857142,383.82142857142856,10.0,10.0,1.0,1.0,6.0,3.3633539370597685
1348,1,39,16,1,1.0,3.0,2.0,2.0,5.0,5316.222857142857,3786.695,308.88214285714287,0.0,0.0,0.0,1.372142857142857,0.0017857142857142859,2.0,1.0,357.14285714285717,357.14285714285717,0.0,0.0,357.14285714285717,2.0,2.0,0.0,0.0,2.0,1.5617675962978574
1417,0,52,151,1,1.0,79.0,2.0,2.0,5.0,633.5124999999999,2632.445357142857,0.0,0.0,0.0,0.0,393.42,393.3978571428571,3.0,2.0,303.0357142857143,303.0357142857143,192.85714285714286,0.0,106.78571428571429,7.0,7.0,3.0,0.0,3.0,3.371039852782248
1568,0,40,17,1,6.0,79.0,2.0,2.0,5.0,24.214285714285715,0.0,0.0,0.0,0.0,0.0,232.1432142857143,232.1432142857143,4.0,4.0,175.43928571428572,175.43928571428572,28.571428571428573,13.867857142857144,125.85714285714286,9.0,9.0,2.0,4.0,2.0,3.636631930764746
1030,0,27,164,2,1.0,79.0,2.0,2.0,5.0,8055.420357142857,37569.466785714285,0.0,0.0,0.0,0.0,583.9103571428572,566.0725,4.0,2.0,563.6267857142857,563.6267857142857,0.0,128.1767857142857,414.25,19.0,19.0,0.0,10.0,7.0,1.735524498775284
45,1,63,52,1,1.0,79.0,2.0,2.0,5.0,0.0,38757.89464285714,0.0,0.0,0.0,0.0,5.913928571428571,0.008571428571428572,2.0,1.0,3.392857142857143,3.392857142857143,0.0,0.0,0.0,1.0,1.0,0.0,0.0,0.0,0.5349953174399529
721,0,67,82,1,1.0,79.0,1.0,2.0,5.0,218.69464285714284,27896.886785714283,0.0,526.4889285714286,0.0,0.0,1197.4842857142855,1190.4464285714287,6.0,5.0,1147.9,1147.9,178.57142857142858,151.95357142857142,813.875,17.0,17.0,1.0,4.0,11.0,5.586383350468346
614,1,58,28,1,2.0,17.0,1.0,1.0,5.0,0.0,7143.0425000000005,0.0,0.0,0.0,0.0,8403.025357142857,8298.769285714287,16.0,9.0,9704.470714285713,9485.227499999999,357.14285714285717,341.82321428571424,5161.464285714285,46.0,33.0,1.0,13.0,24.0,8.263250920211018
448,0,23,159,1,1.0,5.0,1.0,2.0,5.0,39.75107142857143,0.013571428571428571,2989.4539285714286,0.0,0.0,0.0,1534.4328571428573,1533.7721428571429,6.0,5.0,1372.6339285714287,1372.6339285714287,367.85714285714283,0.0,986.2767857142857,33.0,33.0,12.0,0.0,9.0,15.102675289733051
754,0,36,196,1,6.0,79.0,2.0,2.0,5.0,13.0425,0.0,0.0,0.0,0.0,0.0,565.7867857142858,565.7867857142858,2.0,2.0,3.012857142857143,3.012857142857143,0.0,0.0,0.0,2.0,2.0,0.0,0.0,0.0,1.0559372428527376
1266,0,20,59,1,6.0,1.0,1.0,2.0,5.0,2094.6692857142857,0.0,7743.577142857143,0.0,0.0,0.0,1348.0164285714286,1348.0164285714286,4.0,4.0,1030.3182142857142,1030.3182142857142,178.57142857142858,157.28571428571428,689.8182142857142,15.0,15.0,1.0,4.0,8.0,8.930034247284471
1368,1,23,51,1,6.0,79.0,2.0,2.0,5.0,49585.301785714284,0.0,0.0,0.0,0.0,0.0,1089.722142857143,1089.722142857143,2.0,2.0,1413.2317857142857,1413.2317857142857,767.8571428571429,644.9460714285715,0.0,40.0,40.0,7.0,31.0,0.0,1.8767787111789995
1571,1,39,211,1,6.0,79.0,2.0,2.0,5.0,23635.8,0.0,0.0,0.0,0.0,0.0,0.00035714285714285714,0.00035714285714285714,1.0,1.0,2.6785714285714284,2.6785714285714284,0.0,0.0,0.0,2.0,2.0,0.0,0.0,0.0,-1.1665452058821608
520,1,57,20,1,1.0,79.0,2.0,2.0,5.0,1401.1364285714285,3779.0092857142854,0.0,0.0,0.0,0.0,18518.535714285714,9673.50607142857,13.0,4.0,19754.678571428572,10301.107142857143,1642.857142857143,97.53571428571429,525.0,8.0,6.0,2.0,2.0,1.0,9.544723377417938
1309,1,57,151,1,6.0,79.0,2.0,2.0,5.0,0.040357142857142855,0.0,0.0,0.0,0.0,0.0,1109.8914285714286,1109.8914285714286,7.0,7.0,414.5242857142857,414.5242857142857,0.0,227.52428571428572,174.28571428571428,14.0,14.0,0.0,8.0,4.0,-0.8608255868851706
1029,1,68,135,1,6.0,79.0,1.0,2.0,5.0,2.914285714285714,0.0,0.0,924.8914285714285,0.0,0.0,643.5892857142857,643.5892857142857,2.0,2.0,272.44642857142856,272.44642857142856,0.0,167.125,98.17857142857143,6.0,6.0,0.0,3.0,2.0,-0.5065321946485564
1277,1,21,19,1,1.0,5.0,2.0,1.0,5.0,7.361071428571429,3230.0964285714285,0.0,0.0,1.4285714285714286,0.0,5998.368928571428,5357.943214285714,10.0,4.0,3152.7410714285716,2346.6789285714285,607.1428571428571,831.8835714285715,523.1324999999999,44.0,20.0,4.0,24.0,10.0,-5.130857687541644
705,1,34,64,3,6.0,79.0,2.0,2.0,5.0,191.1260714285714,0.0,0.0,0.0,0.0,0.0,992.2871428571428,992.2871428571428,3.0,3.0,959.5,959.5,789.2857142857143,23.392857142857142,138.03571428571428,38.0,38.0,16.0,3.0,4.0,6.651924121788405
83,0,43,111,1,3.0,7.0,2.0,2.0,5.0,14.855,90800.88214285715,0.0,0.0,0.0,0.0,569.7671428571429,568.7203571428571,4.0,3.0,225.07142857142858,225.07142857142858,0.0,0.0,224.39285714285714,4.0,4.0,0.0,0.0,3.0,2.9100789595950944
1149,1,54,172,1,6.0,79.0,1.0,2.0,5.0,0.0,0.0,0.0,62.7025,0.0,0.0,1085.5078571428571,952.4571428571428,15.0,13.0,1252.2621428571426,998.7342857142858,0.0,291.49785714285713,258.32142857142856,51.0,40.0,0.0,25.0,9.0,3.4200925286656325
1170,1,28,68,1,1.0,79.0,2.0,2.0,5.0,1845.1207142857143,45528.44178571429,0.0,0.0,0.0,0.0,866.2775,865.7514285714286,4.0,3.0,752.2857142857143,752.2857142857143,107.14285714285714,0.0,642.8571428571429,8.0,8.0,3.0,0.0,3.0,0.805988882460365
1369,1,39,55,1,6.0,79.0,1.0,1.0,5.0,19.86285714285714,0.0,0.0,0.0,611.7210714285713,0.0,6173.7014285714295,4111.138928571429,30.0,16.0,6410.214999999999,4078.996071428571,1600.0,822.5232142857143,386.7142857142857,76.0,27.0,5.0,36.0,11.0,-0.4283969421222018
93,0,31,8,1,2.0,79.0,1.0,1.0,5.0,8.870357142857143,3655.8189285714284,0.0,23.064285714285713,1.4285714285714286,0.0,2186.5410714285713,1367.827857142857,25.0,17.0,2137.954642857143,1356.1046428571428,32.142857142857146,0.0,220.32142857142858,36.0,16.0,1.0,0.0,8.0,6.905171239398723
569,0,61,151,1,6.0,79.0,1.0,2.0,5.0,1.1492857142857142,0.0,0.0,139.66214285714287,0.0,0.0,91.24428571428572,57.53285714285715,6.0,4.0,86.49428571428572,57.53285714285715,0.0,0.0,21.428571428571427,7.0,4.0,0.0,0.0,1.0,8.757092633916535
658,0,51,32,1,6.0,79.0,2.0,2.0,5.0,1107.6778571428572,0.0,0.0,0.0,0.0,0.0,0.0725,0.07107142857142858,5.0,1.0,1128.2514285714285,1128.25,0.0,0.0,53.57142857142857,7.0,3.0,0.0,0.0,1.0,7.086246728951877
1335,0,70,9,1,6.0,79.0,1.0,2.0,5.0,91.28321428571428,0.0,0.0,0.0,0.0,0.0,1515.2724999999998,1352.7235714285714,12.0,9.0,1326.045357142857,1163.5021428571429,178.57142857142858,147.5960714285714,672.1785714285714,25.0,22.0,2.0,8.0,8.0,13.690759900973482
275,1,73,2,1,6.0,79.0,2.0,2.0,5.0,5221.425714285715,0.0,0.0,0.0,0.0,0.0,592.0360714285714,592.0360714285714,5.0,5.0,611.9285714285714,611.9285714285714,182.14285714285714,0.0,417.42857142857144,13.0,13.0,5.0,0.0,2.0,4.48651433655637
1538,0,35,150,1,1.0,79.0,2.0,2.0,5.0,2238.2657142857142,0.010357142857142856,0.0,0.0,0.0,0.0,35830.19285714286,110.17285714285715,4.0,2.0,35714.28571428572,35714.28571428572,0.0,0.0,35714.28571428572,1.0,1.0,0.0,0.0,1.0,16.249832692418625
525,1,31,54,1,1.0,4.0,2.0,2.0,5.0,0.3882142857142857,3845.991785714286,31884.509285714284,0.0,0.0,0.0,442.7532142857143,442.21964285714284,4.0,3.0,881.2857142857143,881.2857142857143,357.14285714285717,0.0,519.75,6.0,6.0,1.0,0.0,4.0,0.33884675620128607
33,1,71,150,1,6.0,79.0,2.0,2.0,5.0,18635.575357142858,0.0,0.0,0.0,0.0,0.0,730.5721428571429,730.5721428571429,5.0,5.0,635.842857142857,635.842857142857,139.28571428571428,56.73571428571428,436.42857142857144,13.0,13.0,2.0,4.0,6.0,1.2745010087497863
529,0,33,61,1,1.0,79.0,2.0,2.0,5.0,2014.4267857142856,36183.43357142857,0.0,0.0,0.0,0.0,547.9475,547.1978571428572,4.0,3.0,329.2857142857143,329.2857142857143,0.0,0.0,329.07142857142856,4.0,4.0,0.0,0.0,3.0,1.9642689727338016
762,1,38,103,1,6.0,1.0,2.0,2.0,5.0,1077.3460714285713,0.0,0.0,0.0,0.0,0.0,385.0521428571428,385.0521428571428,3.0,3.0,405.75,405.75,392.85714285714283,0.0,10.714285714285714,6.0,6.0,3.0,0.0,1.0,1.4157376198386107
1408,0,23,122,1,1.0,1.0,2.0,2.0,5.0,31792.100714285712,12620.789999999999,0.0,0.0,0.0,0.0,2.5942857142857143,0.003928571428571429,2.0,1.0,1.9642857142857142,1.9642857142857142,0.0,0.0,0.0,1.0,1.0,0.0,0.0,0.0,2.647878448159899
374,1,68,32,1,6.0,79.0,1.0,2.0,5.0,789.4517857142857,0.0,0.0,0.0,0.0,0.0,724.0375,724.0375,2.0,2.0,775.2553571428572,775.2553571428572,642.8571428571429,108.57678571428572,21.428571428571427,16.0,16.0,4.0,8.0,1.0,8.122638616168647
628,1,21,94,1,6.0,79.0,1.0,2.0,5.0,488.4596428571429,0.0,0.0,0.0,0.0,0.0,179.44535714285715,105.53607142857143,4.0,2.0,76.08785714285715,76.08785714285715,0.0,0.0,0.0,3.0,3.0,0.0,0.0,0.0,7.408488517881353
575,0,28,151,1,6.0,79.0,2.0,2.0,5.0,765.9475,0.0,0.0,0.0,0.0,0.0,1357.1474999999998,1357.1474999999998,4.0,4.0,2039.2332142857142,2039.2332142857142,1821.4285714285713,88.26892857142857,117.35714285714286,32.0,32.0,21.0,7.0,1.0,9.01305280496715
73,1,87,163,1,1.0,1.0,1.0,2.0,5.0,179.35714285714286,21.01607142857143,53571.42857142857,0.0,0.0,0.0,1283.6885714285713,533.3767857142857,6.0,3.0,1053.6,1053.5960714285713,0.0,0.0,304.51642857142855,4.0,3.0,0.0,0.0,2.0,8.968342124724842
613,0,5,96,1,6.0,79.0,1.0,1.0,5.0,30.4675,0.0,0.0,218.23428571428573,276.15,0.0,0.7196428571428571,0.005357142857142857,2.0,1.0,1.4285714285714286,0.0,0.0,0.0,0.0,2.0,0.0,0.0,0.0,0.0,0.7166977531754993
666,1,59,101,1,6.0,1.0,2.0,2.0,5.0,13806.569285714286,0.0,25462.561785714286,0.0,0.0,0.0,545.7160714285714,545.7160714285714,4.0,4.0,734.3571428571429,734.3571428571429,0.0,0.0,729.7142857142857,26.0,26.0,0.0,0.0,25.0,2.434253738030799
644,1,56,20,1,1.0,79.0,2.0,2.0,5.0,135.36357142857142,0.16999999999999998,0.0,0.0,0.0,0.0,0.265,0.0010714285714285715,2.0,1.0,1.9642857142857142,1.9642857142857142,0.0,0.0,0.0,1.0,1.0,0.0,0.0,0.0,0.9411639169628074
969,1,22,8,1,6.0,79.0,2.0,2.0,5.0,10820.708571428573,0.0,0.0,0.0,0.0,0.0,1520.2667857142858,1520.2667857142858,2.0,2.0,562.6771428571428,562.6771428571428,0.0,241.8557142857143,317.89285714285717,32.0,32.0,0.0,21.0,10.0,0.7924021945474169
122,1,39,80,1,6.0,79.0,2.0,2.0,5.0,1392.7667857142858,0.0,0.0,0.0,0.0,0.0,857.1078571428571,857.1078571428571,3.0,3.0,862.4289285714285,862.4289285714285,0.0,0.0,861.7860714285714,5.0,5.0,0.0,0.0,4.0,0.07778285095397325
412,0,51,116,1,1.0,79.0,2.0,2.0,5.0,376.8910714285715,2506.551071428571,0.0,0.0,0.0,0.0,1964.8103571428571,1964.2885714285715,3.0,2.0,941.6071428571429,941.6071428571429,0.0,28.61785714285714,909.5964285714286,11.0,11.0,0.0,4.0,6.0,3.3335122951929446
49,0,46,19,2,6.0,79.0,2.0,2.0,5.0,4.145357142857143,0.0,0.0,0.0,0.0,0.0,415.73821428571426,415.73821428571426,9.0,9.0,111.71428571428571,111.71428571428571,0.0,0.0,108.67857142857143,3.0,3.0,0.0,0.0,2.0,1.0911264258513622
44,0,35,51,1,6.0,79.0,2.0,2.0,5.0,186.8460714285714,0.0,0.0,0.0,0.0,0.0,0.19642857142857142,0.19642857142857142,1.0,1.0,362.64285714285717,362.64285714285717,0.0,0.0,0.0,3.0,3.0,0.0,0.0,0.0,2.3227603787724496
452,0,74,0,2,6.0,79.0,2.0,2.0,5.0,4474.592142857143,0.0,0.0,0.0,0.0,0.0,0.01892857142857143,0.01892857142857143,1.0,1.0,62.892857142857146,62.892857142857146,0.0,0.0,58.07142857142857,2.0,2.0,0.0,0.0,1.0,3.3974486689998282
1273,1,47,161,1,6.0,79.0,2.0,2.0,5.0,165.95000000000002,0.0,0.0,0.0,0.0,0.0,1258.2060714285712,1258.2060714285712,4.0,4.0,921.7364285714285,921.7364285714285,57.142857142857146,194.5107142857143,666.6899999999999,23.0,23.0,2.0,13.0,7.0,0.5025002710632672
1103,1,51,233,1,6.0,79.0,2.0,1.0,1.0,31681.494642857142,0.0,0.0,0.0,112.22821428571429,2304.64,925.1982142857142,788.2939285714285,8.0,4.0,1251.5864285714285,1226.0432142857142,571.4285714285714,350.9153571428571,148.03571428571428,26.0,21.0,2.0,10.0,4.0,-4.979698637871044
704,0,63,138,1,6.0,79.0,2.0,2.0,5.0,403.4421428571428,0.0,0.0,0.0,0.0,0.0,213.38071428571428,213.38071428571428,3.0,3.0,379.39285714285717,379.39285714285717,0.0,0.0,267.7142857142857,5.0,5.0,0.0,0.0,3.0,2.5658495719815826
184,0,30,115,1,6.0,79.0,2.0,2.0,5.0,160.90321428571428,0.0,0.0,0.0,0.0,0.0,0.009642857142857144,0.009642857142857144,1.0,1.0,131.87428571428572,131.87428571428572,0.0,129.34321428571428,0.0,4.0,4.0,0.0,2.0,0.0,1.3339980883914073
449,1,18,20,1,6.0,79.0,1.0,2.0,5.0,16109.628571428571,0.0,0.0,0.0,0.0,0.0,4144.777142857142,2744.445714285714,30.0,27.0,3922.4982142857143,2713.7671428571425,757.1428571428571,7.246428571428572,221.32142857142858,55.0,31.0,9.0,2.0,8.0,3.5106190887294475
961,0,8,154,1,6.0,79.0,2.0,2.0,5.0,251.33607142857142,0.0,0.0,0.0,0.0,0.0,125.00035714285715,125.00035714285715,2.0,2.0,128.9857142857143,128.9857142857143,0.0,0.0,0.0,3.0,3.0,0.0,0.0,0.0,0.3267300331541907
171,0,22,151,1,6.0,79.0,2.0,2.0,5.0,4112.732857142857,0.0,0.0,0.0,0.0,0.0,854.5785714285714,854.5785714285714,3.0,3.0,967.6146428571428,967.6146428571428,435.7142857142857,347.7575,178.14285714285714,59.0,59.0,12.0,27.0,9.0,8.05037847210243
898,0,19,89,1,1.0,2.0,2.0,2.0,5.0,2741.8989285714283,1750.5525,563.3707142857143,0.0,0.0,0.0,2.152857142857143,0.003928571428571429,2.0,1.0,1.9642857142857142,1.9642857142857142,0.0,0.0,0.0,1.0,1.0,0.0,0.0,0.0,2.504990558546952
679,0,39,71,1,2.0,79.0,2.0,2.0,5.0,0.0,28.658214285714283,0.0,0.0,0.0,0.0,2622.0071428571428,2608.217857142857,4.0,3.0,2848.217857142857,2848.217857142857,714.2857142857143,841.0749999999999,1290.357142857143,16.0,16.0,3.0,3.0,8.0,2.1953020306891746
1108,1,43,142,1,6.0,79.0,2.0,2.0,5.0,3388.0417857142857,0.0,0.0,0.0,0.0,0.0,17.857499999999998,17.857499999999998,2.0,2.0,6.428571428571429,6.428571428571429,0.0,5.964285714285714,0.0,2.0,2.0,0.0,1.0,0.0,-0.8721502776720538
730,1,59,38,1,6.0,79.0,1.0,2.0,5.0,331.7296428571429,0.0,0.0,0.0,0.0,0.0,654.3382142857143,654.3382142857143,3.0,3.0,323.13178571428574,323.13178571428574,64.28571428571429,0.0,256.66749999999996,4.0,4.0,1.0,0.0,2.0,6.923431976666641
234,0,54,150,1,6.0,79.0,1.0,2.0,5.0,856.344642857143,0.0,0.0,418.78749999999997,0.0,0.0,1695.4353571428571,1287.6846428571428,6.0,4.0,1576.8621428571428,1170.8935714285712,357.14285714285717,0.0,406.0,9.0,7.0,1.0,0.0,4.0,7.195699507725381
22,1,54,0,1,6.0,79.0,2.0,2.0,5.0,2492.1467857142857,0.0,0.0,0.0,0.0,0.0,2423.411071428571,2423.411071428571,7.0,7.0,3587.0782142857142,3587.0782142857142,1392.6821428571427,466.84000000000003,1273.107142857143,29.0,29.0,4.0,12.0,9.0,0.5497747954369351
1534,1,38,126,2,2.0,79.0,2.0,2.0,5.0,6300.916785714287,26708.332857142854,0.0,0.0,0.0,0.0,173.77,164.52642857142857,5.0,4.0,158.0,158.0,0.0,0.0,143.71428571428572,6.0,6.0,0.0,0.0,5.0,-1.739343315190695
1040,1,65,14,1,1.0,4.0,2.0,2.0,5.0,3135.429642857143,15743.120357142858,3678.5714285714284,0.0,0.0,0.0,2812.756785714286,2800.1885714285713,8.0,6.0,804.1739285714285,804.1739285714285,0.0,0.0,192.74535714285713,6.0,6.0,0.0,0.0,3.0,3.8929891028608936
1144,1,48,18,1,1.0,2.0,1.0,2.0,5.0,1329.5982142857142,0.0071428571428571435,6071.720714285714,0.0,0.0,0.0,954.6217857142857,824.8064285714287,13.0,10.0,888.4675,758.8760714285714,178.57142857142858,114.68214285714285,93.85714285714286,22.0,18.0,3.0,6.0,2.0,9.68015158787271
450,0,76,29,1,6.0,79.0,2.0,2.0,5.0,2.8578571428571427,0.0,0.0,0.0,0.0,0.0,223.5725,223.5725,4.0,4.0,474.2421428571429,474.2421428571429,142.12321428571428,178.3867857142857,152.875,15.0,15.0,8.0,2.0,1.0,7.686934963066036
1163,1,36,152,1,6.0,79.0,2.0,2.0,5.0,4143.043571428571,0.0,0.0,0.0,0.0,0.0,657.1614285714286,657.1614285714286,3.0,3.0,728.9821428571429,728.9821428571429,321.42857142857144,26.232142857142858,368.5357142857143,9.0,9.0,2.0,3.0,2.0,-0.3874746049238069
1178,1,69,152,1,1.0,79.0,2.0,2.0,5.0,38.045,40400.51642857143,0.0,0.0,0.0,0.0,692.8917857142858,632.1442857142857,10.0,7.0,391.86892857142857,391.86892857142857,0.0,0.0,386.10714285714283,18.0,18.0,0.0,0.0,15.0,3.0832240822828787
1415,1,67,28,1,1.0,1.0,2.0,2.0,5.0,6512.073571428571,18677.399642857144,501.0785714285715,0.0,0.0,0.0,414.03607142857146,412.50928571428574,4.0,3.0,303.0,303.0,107.14285714285714,0.0,193.67857142857142,4.0,4.0,1.0,0.0,2.0,2.646319273736911
29,0,60,150,1,6.0,79.0,1.0,2.0,5.0,373.3542857142857,0.0,0.0,0.0,0.0,0.0,199.4935714285714,192.62178571428572,5.0,4.0,385.24357142857144,192.62178571428572,92.85714285714286,0.0,89.28571428571429,8.0,4.0,1.0,0.0,1.0,8.251444148051963
351,0,42,172,1,1.0,79.0,2.0,2.0,5.0,4783.925357142857,5770.629285714285,0.0,0.0,0.0,0.0,0.02964285714285714,0.02964285714285714,2.0,2.0,92.32142857142857,92.32142857142857,0.0,0.0,0.0,3.0,3.0,0.0,0.0,0.0,0.06993706116948495
1383,1,39,26,1,1.0,6.0,2.0,2.0,5.0,199.82107142857143,2582.3292857142856,0.0,0.0,0.0,0.0,551.6899999999999,548.4903571428571,3.0,2.0,753.5357142857143,753.5357142857143,714.2857142857143,0.0,35.714285714285715,5.0,5.0,1.0,0.0,2.0,0.7701794397504802
686,1,57,51,1,6.0,79.0,2.0,2.0,5.0,1146.879642857143,0.0,0.0,0.0,0.0,0.0,513.3592857142856,513.3592857142856,3.0,3.0,496.73999999999995,496.73999999999995,0.0,0.0,119.21857142857142,7.0,7.0,0.0,0.0,5.0,0.6963761283912453
634,0,31,81,1,2.0,79.0,2.0,2.0,5.0,41.861785714285716,47652.55107142857,0.0,0.0,0.0,0.0,507.3139285714286,44.64678571428571,4.0,2.0,92.85714285714286,92.85714285714286,92.85714285714286,0.0,0.0,1.0,1.0,1.0,0.0,0.0,3.2877278670455357
1456,0,61,149,1,1.0,79.0,2.0,2.0,5.0,0.0,0.0,0.0,0.0,0.0,0.0,364.7721428571429,364.7528571428571,4.0,3.0,774.9799999999999,774.9799999999999,14.285714285714286,497.44428571428574,258.60714285714283,28.0,28.0,1.0,20.0,5.0,2.498582217218793
1255,0,42,136,1,6.0,79.0,2.0,2.0,5.0,7410.411071428572,0.0,0.0,0.0,0.0,0.0,107.14392857142857,107.14392857142857,2.0,2.0,112.55678571428572,112.55678571428572,0.0,0.0,0.0,5.0,5.0,0.0,0.0,0.0,2.1458663245773
465,0,27,43,1,6.0,79.0,2.0,1.0,5.0,1.7085714285714286,0.0,0.0,0.0,1.1785714285714286,0.0,2970.702857142857,2895.9900000000002,7.0,3.0,2968.4203571428575,2946.047857142857,800.0,620.9146428571429,385.25,84.0,79.0,25.0,20.0,7.0,16.165615624762268
1224,1,90,151,1,6.0,79.0,2.0,2.0,5.0,116.33142857142857,0.0,0.0,0.0,0.0,0.0,571.5132142857143,571.5132142857143,2.0,2.0,7801.615357142858,7801.615357142858,3271.4285714285716,3292.765,170.39285714285714,40.0,40.0,9.0,17.0,6.0,-7.389759685867655
1479,1,66,61,1,6.0,79.0,2.0,2.0,5.0,472.36607142857144,0.0,0.0,0.0,0.0,0.0,1074.5514285714285,1074.5514285714285,2.0,2.0,860.3182142857142,860.3182142857142,710.7142857142857,148.0325,0.0,12.0,12.0,4.0,6.0,0.0,1.7777118776348717
648,0,7,152,1,1.0,79.0,2.0,1.0,5.0,2164.632857142857,14.328214285714285,0.0,0.0,482.97499999999997,0.0,2443.782857142857,1799.6996428571426,18.0,4.0,2560.1585714285716,1928.3075000000001,0.0,698.5185714285715,1271.0685714285714,36.0,15.0,0.0,13.0,9.0,5.779652407630609
927,0,41,217,1,1.0,1.0,2.0,2.0,5.0,1897.8360714285716,3104.5839285714287,3904.851785714286,0.0,0.0,0.0,3469.452142857143,3457.1589285714285,8.0,6.0,1198.857857142857,1198.857857142857,0.0,0.0,1198.857857142857,8.0,8.0,0.0,0.0,8.0,4.361370805530764
1396,1,56,16,1,1.0,3.0,1.0,2.0,5.0,4.704642857142857,26270.410357142857,9335.085714285715,0.0,0.0,0.0,410.7314285714286,410.7314285714286,2.0,2.0,695.9821428571429,695.9821428571429,457.14285714285717,0.0,235.44642857142858,9.0,9.0,3.0,0.0,5.0,6.959995698885939
694,0,34,40,1,1.0,79.0,2.0,2.0,1.0,0.002142857142857143,114458.45678571428,0.0,0.0,0.0,117.65392857142857,1028.2649999999999,927.1357142857142,5.0,3.0,754.782142857143,754.782142857143,232.14285714285714,182.0,16.964285714285715,12.0,12.0,4.0,3.0,1.0,0.7098572096433963
1214,0,41,19,2,6.0,2.0,2.0,2.0,5.0,2102.1614285714286,0.0,9584.659642857141,0.0,0.0,0.0,458.1171428571429,458.1171428571429,2.0,2.0,642.6071428571429,642.6071428571429,142.85714285714286,39.56071428571429,260.82142857142856,16.0,16.0,1.0,2.0,10.0,3.813630226000569
408,1,35,181,1,1.0,79.0,1.0,2.0,5.0,4133.402142857142,0.0017857142857142859,0.0,0.0,0.0,0.0,12768.308214285715,12662.987142857144,30.0,27.0,16528.66642857143,16528.66642857143,714.2857142857143,3335.426071428571,12473.27607142857,54.0,54.0,2.0,19.0,31.0,4.096207739482934
284,1,66,23,1,6.0,79.0,2.0,2.0,5.0,2505.5635714285713,0.0,0.0,0.0,0.0,0.0,1650.6417857142858,1650.6417857142858,2.0,2.0,1661.7675,1661.7675,175.0,547.9825,597.5714285714286,20.0,20.0,1.0,9.0,7.0,1.2977400537245285
1367,0,38,18,1,1.0,79.0,2.0,2.0,5.0,0.0,39664.086071428566,0.0,0.0,0.0,0.0,1946.5960714285716,1946.5753571428572,5.0,4.0,1832.1785714285713,1832.1785714285713,1071.4285714285713,35.357142857142854,721.6785714285714,18.0,18.0,5.0,1.0,11.0,3.9158536561156625
963,0,71,104,1,1.0,1.0,2.0,2.0,5.0,10607.822857142857,87931.59892857143,4991.413571428571,0.0,0.0,0.0,4725.37,4723.018571428571,5.0,3.0,480.35714285714283,480.35714285714283,0.0,0.0,438.64285714285717,7.0,7.0,0.0,0.0,6.0,6.507328302120131
1500,0,33,15,1,6.0,79.0,1.0,2.0,5.0,90.45321428571428,0.0,0.0,0.0,0.0,0.0,0.0007142857142857143,0.0007142857142857143,1.0,1.0,0.0,0.0,0.0,0.0,0.0,0.0,0.0,0.0,0.0,0.0,8.043943287992972
809,1,30,157,1,6.0,79.0,2.0,2.0,1.0,16.62392857142857,0.0,0.0,0.0,0.0,3295.807142857143,1156.069642857143,1053.537857142857,4.0,3.0,1444.089642857143,1434.589642857143,857.1428571428571,372.2682142857143,44.642857142857146,30.0,28.0,3.0,20.0,2.0,-4.138282761557077
384,1,23,160,1,6.0,79.0,2.0,2.0,5.0,2418.8767857142857,0.0,0.0,0.0,0.0,0.0,87.50035714285715,87.50035714285715,2.0,2.0,88.44392857142857,88.44392857142857,50.0,37.3725,1.0714285714285714,8.0,8.0,2.0,5.0,1.0,-0.8736660931004862
629,0,61,173,1,6.0,2.0,2.0,2.0,5.0,61.76678571428572,0.0,34387.58357142857,0.0,0.0,0.0,1064.19,1064.19,3.0,3.0,817.4621428571428,817.4621428571428,660.7142857142857,41.355000000000004,115.17857142857143,17.0,17.0,3.0,5.0,8.0,3.6231068017776082
