Client,Sex,Age,Tenure,Count_CA,Count_SA,Count_MF,Count_OVD,Count_CC,Count_CL,ActBal_CA,ActBal_SA,ActBal_MF,ActBal_OVD,ActBal_CC,ActBal_CL,VolumeCred,VolumeCred_CA,TransactionsCred,TransactionsCred_CA,VolumeDeb,VolumeDeb_CA,VolumeDebCash_Card,VolumeDebCashless_Card,VolumeDeb_PaymentOrder,TransactionsDeb,TransactionsDeb_CA,TransactionsDebCash_Card,TransactionsDebCashless_Card,TransactionsDeb_PaymentOrder,Predicted_CL_Revenue
225,1,14,187,1,6.0,79.0,1.0,2.0,5.0,345.6860714285714,0.0,0.0,618.3975,0.0,0.0,0.0075,0.0075,1.0,1.0,130.52142857142857,130.52142857142857,0.0,111.23571428571428,19.285714285714285,5.0,5.0,0.0,4.0,1.0,6.483500858283264
827,1,57,50,1,6.0,79.0,1.0,1.0,5.0,49.19357142857143,0.0,0.0,0.0,0.4642857142857143,0.0,1755.2817857142857,1750.4042857142856,9.0,6.0,1474.3214285714287,1455.0357142857142,607.1428571428571,17.857142857142858,843.25,26.0,23.0,4.0,1.0,17.0,0.5398368238674489
1231,0,6,232,1,6.0,79.0,2.0,2.0,5.0,819.8539285714286,0.0,0.0,0.0,0.0,0.0,0.015714285714285715,0.015714285714285715,2.0,2.0,2257.0,2257.0,2250.0,0.0,0.0,9.0,9.0,6.0,0.0,0.0,12.80869455648515
739,1,69,55,1,1.0,8.0,1.0,2.0,1.0,5519.308928571429,0.0,9824.236785714285,0.0,0.0,3868.679642857143,208.4467857142857,150.00357142857143,4.0,2.0,287.00357142857143,282.575,0.0,211.18214285714288,0.0,7.0,5.0,0.0,3.0,0.0,1.2331153329111266
956,1,52,139,2,6.0,79.0,1.0,2.0,5.0,3611.397857142857,0.0,0.0,0.0,0.0,0.0,1699.1328571428571,1278.5364285714284,13.0,10.0,1647.4603571428572,1238.9960714285714,71.42857142857143,118.72107142857143,624.2142857142857,27.0,20.0,1.0,4.0,11.0,4.127464512812778
316,0,1,211,1,6.0,79.0,2.0,2.0,5.0,22.733571428571427,0.0,0.0,0.0,0.0,0.0,1022.8460714285713,1022.8460714285713,6.0,6.0,1026.8178571428573,1026.8178571428573,535.7142857142857,7.710714285714286,481.4642857142857,21.0,21.0,6.0,1.0,9.0,8.840512141858264
123,0,22,40,2,6.0,79.0,2.0,2.0,5.0,8883.968214285715,0.0,0.0,0.0,0.0,0.0,30.381785714285716,30.381785714285716,2.0,2.0,35.892857142857146,35.892857142857146,0.0,33.92857142857143,0.0,2.0,2.0,0.0,1.0,0.0,4.100556825815173
1574,0,30,149,1,6.0,79.0,2.0,2.0,5.0,478.5435714285714,0.0,0.0,0.0,0.0,0.0,0.0071428571428571435,0.0071428571428571435,1.0,1.0,0.8939285714285715,0.8939285714285715,0.0,0.0,0.0,1.0,1.0,0.0,0.0,0.0,5.1729407566476215
1160,1,19,260,1,6.0,79.0,1.0,2.0,1.0,2723.980357142857,0.0,0.0,0.0,0.0,4239.8775000000005,884.592857142857,865.2971428571428,3.0,2.0,929.5178571428571,925.625,285.7142857142857,190.81428571428572,178.64285714285714,28.0,26.0,3.0,9.0,7.0,7.354090762058546
1083,0,39,12,2,6.0,1.0,2.0,2.0,5.0,42.61892857142857,0.0,759.1507142857143,0.0,0.0,0.0,1076.222142857143,1076.222142857143,2.0,2.0,1078.7632142857142,1078.7632142857142,0.0,0.0,0.0,4.0,4.0,0.0,0.0,0.0,2.609083688700422
729,1,17,85,1,1.0,1.0,1.0,2.0,5.0,2082.3089285714286,0.0,0.0,0.0,0.0,0.0,1069.8657142857144,1069.8110714285715,6.0,5.0,4748.714285714285,4748.714285714285,0.0,0.0,462.7857142857143,14.0,14.0,0.0,0.0,11.0,6.9167266094815485
682,0,3,149,1,1.0,11.0,2.0,2.0,5.0,684.2814285714286,4557.6075,1146.4175,0.0,0.0,0.0,1152.682857142857,866.5007142857143,5.0,3.0,1043.5357142857142,1043.5357142857142,742.8571428571429,0.0,297.92857142857144,22.0,22.0,12.0,0.0,2.0,7.576740395443378
938,1,57,33,1,1.0,2.0,2.0,2.0,5.0,7.576785714285714,52743.09071428572,0.0,0.0,0.0,0.0,448.46714285714285,448.46500000000003,3.0,2.0,470.5285714285714,470.5285714285714,85.71428571428571,221.52857142857144,163.28571428571428,17.0,17.0,2.0,9.0,6.0,-1.2327866414927278
387,1,36,149,1,6.0,1.0,2.0,2.0,5.0,486.99071428571426,0.0,4454.228571428571,0.0,0.0,0.0,489.96714285714285,489.96714285714285,2.0,2.0,502.39285714285717,502.39285714285717,442.85714285714283,0.0,57.142857142857146,4.0,4.0,1.0,0.0,2.0,4.975070201980339
441,1,46,0,1,6.0,79.0,2.0,2.0,5.0,0.5700000000000001,0.0,0.0,0.0,0.0,0.0,371.43071428571426,371.43071428571426,5.0,5.0,311.26071428571424,311.26071428571424,25.0,65.11785714285715,203.28571428571428,8.0,8.0,2.0,2.0,3.0,0.9742012663398519
1579,1,50,0,1,1.0,3.0,2.0,2.0,5.0,427.1817857142857,8593.743928571428,0.0,0.0,0.0,0.0,4713.645357142857,4665.335714285714,4.0,3.0,3276.093214285714,3276.093214285714,1571.4285714285713,914.9503571428571,787.2142857142857,25.0,25.0,5.0,10.0,8.0,0.34206636934527085
561,0,51,25,1,6.0,79.0,1.0,1.0,5.0,269.36857142857144,0.0,0.0,0.0,619.2857142857143,0.0,1886.7139285714286,1297.77,20.0,14.0,1849.3135714285713,1297.77,60.714285714285715,78.56428571428572,576.0,32.0,19.0,3.0,3.0,8.0,-0.45896811364700535
181,1,71,0,1,1.0,79.0,2.0,2.0,5.0,549.2064285714285,36.613214285714285,0.0,0.0,0.0,0.0,377.6235714285714,377.6203571428572,7.0,6.0,13.964285714285714,13.964285714285714,0.0,0.0,11.785714285714286,2.0,2.0,0.0,0.0,1.0,0.08057698546283104
1484,1,39,0,1,6.0,79.0,2.0,2.0,5.0,0.0,0.0,0.0,0.0,0.0,0.0,1355.0885714285716,1355.0885714285716,5.0,5.0,768.625,768.625,107.14285714285714,302.44642857142856,357.7857142857143,23.0,23.0,1.0,16.0,5.0,-0.623159671063853
236,0,37,168,1,6.0,79.0,2.0,2.0,5.0,561.1032142857142,0.0,0.0,0.0,0.0,0.0,433.3582142857143,433.3582142857143,3.0,3.0,512.7392857142858,512.7392857142858,450.0,35.346428571428575,21.428571428571427,25.0,25.0,11.0,3.0,1.0,5.6099493817593595
703,0,21,149,1,6.0,6.0,2.0,2.0,5.0,198.87964285714287,0.0,125.12571428571428,0.0,0.0,0.0,370.1471428571429,370.1471428571429,5.0,5.0,518.8107142857143,126.88214285714285,71.42857142857143,55.45357142857143,0.0,10.0,6.0,2.0,4.0,0.0,6.133758018397349
1005,1,28,87,1,6.0,79.0,1.0,1.0,1.0,16.228928571428572,0.0,0.0,0.0,2.357142857142857,983.1507142857143,2507.113214285714,1611.7942857142857,31.0,22.0,2408.781785714286,1611.7942857142857,117.85714285714286,70.76535714285714,555.9346428571429,52.0,24.0,4.0,4.0,11.0,5.58411690833001
203,0,57,181,1,6.0,79.0,2.0,2.0,5.0,10.772857142857143,0.0,0.0,0.0,0.0,0.0,503.57464285714286,503.57464285714286,2.0,2.0,556.3928571428571,556.3928571428571,553.5714285714286,0.0,0.0,11.0,11.0,6.0,0.0,0.0,5.422460363763671
519,1,17,151,1,6.0,79.0,2.0,2.0,5.0,210.84464285714284,0.0,0.0,0.0,0.0,0.0,458.97035714285715,458.97035714285715,2.0,2.0,486.64964285714285,486.64964285714285,364.2857142857143,89.09571428571428,30.66107142857143,10.0,10.0,3.0,2.0,3.0,5.817968631908282
477,1,32,152,2,2.0,79.0,2.0,2.0,5.0,5419.339999999999,7352.996785714286,0.0,0.0,0.0,0.0,59.03642857142857,59.03642857142857,2.0,2.0,90.25,90.25,0.0,0.0,90.25,2.0,2.0,0.0,0.0,2.0,5.920927518980082
1584,1,39,181,1,6.0,79.0,2.0,2.0,5.0,0.0,0.0,0.0,0.0,0.0,0.0,23091.727857142858,23091.727857142858,7.0,7.0,27026.035714285714,27026.035714285714,892.8571428571429,0.0,22554.678571428572,24.0,24.0,3.0,0.0,17.0,9.464451241329531
159,1,33,152,1,6.0,79.0,2.0,2.0,5.0,1577.5682142857145,0.0,0.0,0.0,0.0,0.0,714.3042857142857,714.3042857142857,3.0,3.0,3124.072142857143,3124.072142857143,178.57142857142858,65.37857142857142,2329.5257142857145,15.0,15.0,1.0,1.0,10.0,6.181400520370549
1342,1,27,211,1,6.0,79.0,1.0,2.0,5.0,14998.111071428571,0.0,0.0,0.0,0.0,0.0,2105.404285714286,2105.404285714286,6.0,6.0,2191.4075000000003,2191.4075000000003,500.0,603.8228571428572,1080.2275,40.0,40.0,4.0,18.0,14.0,4.26483875938172
187,1,55,164,1,1.0,25.0,2.0,2.0,5.0,923.9675,456.4010714285714,0.0,0.0,0.0,0.0,1531.1332142857143,1518.6160714285713,6.0,4.0,762.4703571428571,762.4703571428571,160.71428571428572,140.48214285714286,302.9596428571429,24.0,24.0,3.0,6.0,10.0,2.7554357112764745
82,0,20,151,1,6.0,1.0,2.0,2.0,5.0,11324.907857142856,0.0,34612.790357142854,0.0,0.0,0.0,1001.5760714285715,1001.5760714285715,4.0,4.0,886.0357142857143,886.0357142857143,357.14285714285717,0.0,525.2857142857143,16.0,16.0,1.0,0.0,14.0,5.9635722661428625
527,0,17,22,1,6.0,79.0,2.0,2.0,5.0,1780.251785714286,0.0,0.0,0.0,0.0,0.0,677.6457142857143,677.6457142857143,2.0,2.0,773.1285714285714,773.1285714285714,535.7142857142857,32.15,0.0,25.0,25.0,12.0,3.0,0.0,3.3737799173241076
865,1,23,26,1,6.0,79.0,2.0,2.0,5.0,591.2628571428571,0.0,0.0,0.0,0.0,0.0,125.27499999999999,125.27499999999999,2.0,2.0,441.4642857142857,441.4642857142857,214.28571428571428,14.285714285714286,203.42857142857142,12.0,12.0,3.0,1.0,5.0,2.517288808774996
914,1,28,8,1,6.0,79.0,2.0,2.0,2.0,2.6075000000000004,0.0,0.0,0.0,0.0,12567.025714285714,18412.146785714285,6387.828214285714,6.0,3.0,20090.50357142857,2230.1464285714287,235.71428571428572,568.3035714285714,425.0,26.0,22.0,3.0,10.0,1.0,7.878613189574703
215,1,32,94,1,6.0,79.0,2.0,2.0,5.0,12891.626785714285,0.0,0.0,0.0,0.0,0.0,601.3675000000001,601.3675000000001,3.0,3.0,645.6785714285714,645.6785714285714,250.0,14.25,378.82142857142856,9.0,9.0,1.0,1.0,6.0,3.6075764593034494
1060,1,40,88,1,6.0,79.0,2.0,2.0,5.0,633.7039285714285,0.0,0.0,0.0,0.0,0.0,157.0717857142857,157.0717857142857,5.0,5.0,144.04535714285714,144.04535714285714,46.42857142857143,96.36678571428571,0.0,9.0,9.0,1.0,7.0,0.0,2.910022556793587
501,0,64,11,1,2.0,1.0,2.0,2.0,5.0,460.57714285714286,5136.296071428572,0.0,0.0,0.0,0.0,356.2885714285714,352.1092857142857,3.0,2.0,163.03571428571428,163.03571428571428,0.0,0.0,161.71428571428572,3.0,3.0,0.0,0.0,2.0,0.07542752739226331
1195,1,68,200,1,6.0,79.0,1.0,2.0,5.0,120.15178571428571,0.0,0.0,0.0,0.0,0.0,1227.0417857142857,1227.0417857142857,2.0,2.0,1094.6739285714286,1094.6739285714286,357.14285714285717,330.8525,401.57142857142856,30.0,30.0,1.0,16.0,11.0,1.3979587886347793
272,1,61,103,1,6.0,79.0,2.0,2.0,5.0,716.3985714285715,0.0,0.0,0.0,0.0,0.0,316.46535714285716,316.46535714285716,2.0,2.0,322.5,322.5,178.57142857142858,0.0,141.53571428571428,5.0,5.0,2.0,0.0,2.0,2.5842938943852016
806,0,37,59,1,6.0,79.0,2.0,2.0,5.0,0.0,0.0,0.0,0.0,0.0,0.0,356.0364285714286,356.0364285714286,3.0,3.0,359.10714285714283,359.10714285714283,357.14285714285717,0.0,0.0,3.0,3.0,2.0,0.0,0.0,3.6477878325933597
413,1,53,15,1,2.0,3.0,1.0,1.0,5.0,1668.3721428571428,20631.684642857144,0.0,0.0,2.357142857142857,0.0,19345.754642857144,10941.4525,17.0,7.0,12033.856785714286,9433.315357142857,1650.0,1406.1128571428574,8049.535714285715,69.0,35.0,12.0,16.0,25.0,-3.2599340237633903
1499,0,5,267,1,6.0,79.0,1.0,2.0,1.0,0.0,0.0,0.0,127.35714285714286,0.0,12738.255357142858,1376.794642857143,1339.0503571428574,5.0,4.0,1733.8507142857143,1730.8864285714285,285.7142857142857,344.92214285714283,395.85714285714283,31.0,30.0,4.0,10.0,12.0,12.245638591414304
947,1,34,86,1,6.0,79.0,2.0,2.0,5.0,1313.1657142857143,0.0,0.0,0.0,0.0,0.0,35.714642857142856,35.714642857142856,2.0,2.0,35.74285714285714,35.74285714285714,7.142857142857143,27.349999999999998,0.0,6.0,6.0,1.0,4.0,0.0,2.934417999862367
1104,0,79,213,1,6.0,79.0,1.0,1.0,1.0,0.0,0.0,0.0,0.0,1.1785714285714286,120.67607142857142,4778.456428571429,4118.971071428571,40.0,28.0,4534.124285714285,4052.7210714285716,1650.0,534.75,1150.2857142857142,102.0,69.0,7.0,34.0,18.0,4.790936967873116
1596,1,49,78,1,1.0,79.0,2.0,2.0,5.0,69.16928571428572,7168.960714285714,0.0,0.0,0.0,0.0,539.97,535.7546428571428,3.0,2.0,1.9642857142857142,1.9642857142857142,0.0,0.0,0.0,1.0,1.0,0.0,0.0,0.0,2.076630211672567
1561,1,12,204,1,1.0,79.0,2.0,2.0,5.0,361.47035714285715,1927.5317857142857,0.0,0.0,0.0,0.0,1250.1635714285715,1142.859642857143,6.0,4.0,1964.5467857142855,1285.975357142857,246.42857142857142,670.1289285714286,104.75,21.0,19.0,2.0,12.0,1.0,7.215212475391254
1121,0,35,190,1,6.0,79.0,2.0,2.0,5.0,52.526428571428575,0.0,0.0,0.0,0.0,0.0,114.30071428571429,114.30071428571429,2.0,2.0,689.1842857142857,689.1842857142857,256.3692857142857,424.9264285714286,0.0,12.0,12.0,2.0,7.0,0.0,6.020561629349264
1364,0,39,63,1,1.0,79.0,1.0,2.0,5.0,0.0,4846.536428571429,0.0,260.86357142857145,0.0,0.0,1168.9903571428572,1002.0071428571429,10.0,7.0,1517.7471428571428,1517.7471428571428,35.714285714285715,547.0328571428571,931.1785714285714,31.0,31.0,1.0,11.0,18.0,1.761283899689734
1600,0,44,200,1,1.0,79.0,1.0,2.0,5.0,243.63107142857143,7280.285714285715,0.0,0.0,0.0,0.0,3211.069285714286,1624.5657142857142,16.0,4.0,3235.036071428571,1610.4714285714285,464.2857142857143,142.98285714285714,71.42857142857143,14.0,11.0,2.0,2.0,1.0,5.925954303371117
904,0,23,152,1,6.0,79.0,2.0,2.0,5.0,3758.344285714286,0.0,0.0,0.0,0.0,0.0,0.007857142857142858,0.007857142857142858,1.0,1.0,654.5985714285714,654.5985714285714,235.71428571428572,302.9557142857143,113.75,14.0,14.0,1.0,9.0,3.0,5.273901235423685
542,1,24,25,1,6.0,79.0,1.0,2.0,5.0,1525.1414285714286,0.0,0.0,0.0,0.0,0.0,178.5732142857143,178.5732142857143,2.0,2.0,218.24178571428573,218.24178571428573,28.571428571428573,90.06321428571428,99.60714285714286,20.0,20.0,4.0,14.0,2.0,0.3689225171355197
584,1,35,232,1,1.0,79.0,1.0,2.0,5.0,2538.386785714286,5734.547142857143,0.0,0.0,0.0,0.0,1007.1478571428571,1007.1475,6.0,5.0,1474.9210714285714,1474.9210714285714,0.0,428.2889285714286,558.6785714285714,39.0,39.0,0.0,21.0,15.0,3.561157087992277
1298,0,26,176,3,6.0,79.0,2.0,2.0,1.0,40.69714285714286,0.0,0.0,0.0,0.0,639.8746428571429,6628.4825,178.5717857142857,4.0,2.0,12878.482142857143,21.339285714285715,0.0,0.0,0.0,6.0,1.0,0.0,0.0,0.0,13.843684800879377
1191,1,69,46,1,1.0,79.0,2.0,1.0,5.0,907.0853571428571,638.6628571428572,0.0,0.0,283.8092857142857,0.0,797.8167857142856,729.4671428571429,7.0,2.0,409.9132142857143,389.2264285714286,300.0,0.0,39.785714285714285,19.0,14.0,7.0,0.0,3.0,-0.3187571988118222
1590,1,50,52,1,6.0,79.0,2.0,2.0,5.0,2622.9874999999997,0.0,0.0,0.0,0.0,0.0,17970.20392857143,17970.20392857143,28.0,28.0,24382.802857142855,24382.802857142855,2777.4285714285716,3635.7014285714286,17947.39285714286,83.0,83.0,6.0,59.0,14.0,7.209713290551378
518,0,52,115,1,6.0,79.0,2.0,2.0,5.0,1704.7117857142857,0.0,0.0,0.0,0.0,0.0,535.7164285714285,535.7164285714285,3.0,3.0,556.3642857142858,556.3642857142858,125.0,358.04285714285714,41.67857142857143,14.0,14.0,2.0,7.0,2.0,2.9451597713069884
415,1,57,177,1,6.0,79.0,2.0,2.0,5.0,1188.3842857142859,0.0,0.0,0.0,0.0,0.0,107.1432142857143,107.1432142857143,2.0,2.0,26.82857142857143,26.82857142857143,14.285714285714286,12.542857142857143,0.0,10.0,10.0,2.0,8.0,0.0,3.5662598276952093
1035,0,32,145,3,1.0,1.0,2.0,2.0,5.0,104.60178571428571,4644.8207142857145,15094.395,0.0,0.0,0.0,923.1692857142858,922.0932142857143,4.0,3.0,342.67857142857144,342.67857142857144,178.57142857142858,0.0,159.5,7.0,7.0,1.0,0.0,5.0,7.0420147710098036
1293,0,31,151,1,1.0,79.0,1.0,2.0,5.0,465.5467857142857,257.125,0.0,0.0,0.0,0.0,16961.991071428572,15080.345,22.0,14.0,17111.047142857144,15266.059285714286,185.71428571428572,0.0,13195.82142857143,23.0,15.0,1.0,0.0,5.0,6.675378854968728
492,0,24,139,1,6.0,79.0,2.0,1.0,5.0,8846.825714285715,0.0,0.0,0.0,0.4642857142857143,0.0,520.0707142857143,490.2910714285714,8.0,3.0,1111.1189285714286,966.0689285714286,278.57142857142856,0.0,663.9285714285714,34.0,25.0,11.0,0.0,6.0,5.650673627960166
1078,0,27,169,1,6.0,79.0,2.0,2.0,5.0,111.17321428571428,0.0,0.0,0.0,0.0,0.0,690.9242857142857,690.9242857142857,3.0,3.0,699.967857142857,699.967857142857,209.82,327.11678571428575,151.78571428571428,50.0,50.0,10.0,29.0,1.0,2.913885471464684
1431,0,19,231,1,6.0,79.0,2.0,2.0,5.0,1046.317142857143,0.0,0.0,0.0,0.0,0.0,714.2953571428571,714.2953571428571,2.0,2.0,668.4892857142858,668.4892857142858,0.0,0.0,535.7142857142857,5.0,5.0,0.0,0.0,1.0,7.398608535238655
303,1,32,87,3,6.0,79.0,1.0,1.0,5.0,3032.8325,0.0,0.0,277.98785714285714,251.93571428571428,0.0,3678.526428571429,2676.002857142857,28.0,21.0,3984.0407142857143,2676.002857142857,232.14285714285714,347.61571428571426,756.6785714285714,67.0,39.0,3.0,20.0,14.0,5.442398628107588
611,1,35,181,1,6.0,79.0,1.0,2.0,1.0,943.8375,0.0,0.0,0.0,0.0,2515.4192857142857,4093.2264285714286,2704.8742857142856,23.0,17.0,4105.4628571428575,2704.8742857142856,0.0,165.99428571428572,452.67857142857144,36.0,21.0,0.0,9.0,3.0,7.001470100515232
1372,1,10,176,1,1.0,79.0,2.0,2.0,5.0,224.75821428571427,549.0392857142857,0.0,0.0,0.0,0.0,21.731785714285714,0.002857142857142857,2.0,1.0,0.0,0.0,0.0,0.0,0.0,0.0,0.0,0.0,0.0,0.0,6.710119927264689
304,0,78,49,1,6.0,79.0,2.0,2.0,1.0,1354.99,0.0,0.0,0.0,0.0,7570.783928571429,638.2753571428572,553.2171428571429,3.0,2.0,942.1785714285714,925.8214285714286,589.2857142857143,102.5,0.0,14.0,12.0,7.0,1.0,0.0,4.222534091890152
1209,1,50,19,1,6.0,79.0,2.0,2.0,5.0,588.7410714285714,0.0,0.0,0.0,0.0,0.0,1035.7157142857143,1035.7157142857143,2.0,2.0,1095.9321428571427,1095.9321428571427,0.0,0.0,0.0,2.0,2.0,0.0,0.0,0.0,1.2779626992421864
372,0,39,172,1,2.0,79.0,2.0,2.0,5.0,21493.719642857144,6884.011785714285,0.0,0.0,0.0,0.0,178.5725,178.5725,2.0,2.0,119.82142857142857,119.82142857142857,117.85714285714286,0.0,0.0,4.0,4.0,3.0,0.0,0.0,5.641400191855855
855,1,35,150,1,6.0,1.0,2.0,2.0,5.0,49.0575,0.0,1171.0714285714287,0.0,0.0,0.0,800.6507142857143,800.6507142857143,5.0,5.0,316.6928571428571,316.6928571428571,250.0,52.621428571428574,10.678571428571429,5.0,5.0,2.0,1.0,1.0,4.980996946661282
960,1,15,53,1,6.0,79.0,2.0,2.0,5.0,515.3353571428571,0.0,0.0,0.0,0.0,0.0,0.0,0.0,0.0,0.0,8.714285714285714,8.714285714285714,7.142857142857143,0.0,0.0,3.0,3.0,1.0,0.0,0.0,3.127227547835742
1558,0,42,48,2,6.0,79.0,2.0,2.0,5.0,347.0753571428572,0.0,0.0,0.0,0.0,0.0,388.735,388.735,3.0,3.0,545.2685714285715,545.2685714285715,375.0,30.768571428571427,139.28571428571428,14.0,14.0,7.0,5.0,1.0,4.017802500722981
417,0,33,183,1,6.0,79.0,1.0,2.0,5.0,621.9010714285714,0.0,0.0,243.4,0.0,0.0,712.5778571428572,712.5778571428572,4.0,4.0,805.0649999999999,805.0649999999999,53.57142857142857,156.7792857142857,594.7142857142857,16.0,16.0,1.0,8.0,7.0,4.969621575614128
120,1,32,14,1,2.0,79.0,2.0,2.0,5.0,156.81750000000002,4.548571428571429,0.0,0.0,0.0,0.0,1036.2667857142858,1021.0078571428572,3.0,2.0,710.9821428571429,710.9821428571429,114.28571428571429,139.55357142857142,456.92857142857144,19.0,19.0,1.0,9.0,8.0,0.4676900270685985
1537,1,29,65,1,6.0,79.0,2.0,2.0,5.0,224.2932142857143,0.0,0.0,0.0,0.0,0.0,149.89857142857142,149.89857142857142,3.0,3.0,466.12857142857143,466.12857142857143,121.42857142857143,181.30714285714288,160.71428571428572,19.0,19.0,3.0,13.0,1.0,2.2318065763244848
553,1,43,152,1,6.0,79.0,2.0,2.0,5.0,3274.0575,0.0,0.0,0.0,0.0,0.0,421.68142857142857,421.68142857142857,2.0,2.0,461.92857142857144,461.92857142857144,232.14285714285714,0.0,226.96428571428572,6.0,6.0,1.0,0.0,4.0,4.487280537642747
118,0,43,92,1,1.0,2.0,2.0,2.0,5.0,1184.9382142857141,5876.2814285714285,23214.285714285714,0.0,0.0,0.0,3098.8125,3075.1617857142855,4.0,2.0,1618.580357142857,1618.580357142857,142.85714285714286,1209.5089285714287,266.2142857142857,34.0,34.0,1.0,26.0,7.0,0.0035384470410376734
970,1,32,255,1,1.0,10.0,2.0,2.0,5.0,30.576428571428572,12347.847142857141,0.0,0.0,0.0,0.0,701.17,695.5732142857142,4.0,3.0,328.57142857142856,328.57142857142856,328.57142857142856,0.0,0.0,1.0,1.0,1.0,0.0,0.0,7.520642925312953
642,0,87,196,1,1.0,4.0,2.0,2.0,5.0,2238.091785714286,9665.433571428572,194.28571428571428,0.0,0.0,0.0,5.112857142857143,4.674642857142857,3.0,2.0,6576.507142857144,6576.507142857144,6428.571428571428,147.93571428571428,0.0,15.0,15.0,9.0,6.0,0.0,15.475380345007865
720,1,21,150,1,6.0,79.0,2.0,2.0,5.0,0.0,0.0,0.0,0.0,0.0,0.0,406.25107142857144,406.25107142857144,4.0,4.0,487.10714285714283,487.10714285714283,482.14285714285717,0.0,0.0,7.0,7.0,4.0,0.0,0.0,6.4425433572650235
1238,1,50,54,1,6.0,79.0,2.0,2.0,5.0,602.6167857142857,0.0,0.0,0.0,0.0,0.0,560.7171428571429,560.7171428571429,3.0,3.0,1000.5678571428572,1000.5678571428572,678.5714285714286,211.46071428571426,107.14285714285714,21.0,21.0,3.0,16.0,1.0,1.4544611478248923
558,0,29,172,1,6.0,79.0,2.0,2.0,5.0,393.41285714285715,0.0,0.0,0.0,0.0,0.0,1448.2724999999998,1448.2724999999998,3.0,3.0,1754.9928571428572,1754.9928571428572,767.8571428571429,337.45714285714286,645.75,34.0,34.0,4.0,12.0,17.0,5.214056814402161
846,1,21,52,1,1.0,2.0,1.0,1.0,5.0,224.0717857142857,5.000357142857142,12033.395714285714,558.7092857142858,0.0,0.0,17891.394642857143,9564.714285714286,12.0,3.0,16854.963571428572,4686.850357142857,357.14285714285717,639.7310714285715,1278.8071428571427,61.0,29.0,4.0,23.0,15.0,3.679123405191798
911,0,22,30,1,6.0,79.0,1.0,2.0,5.0,3.257142857142857,0.0,0.0,0.0,0.0,0.0,1353.2367857142856,1353.2367857142856,4.0,4.0,2878.437142857143,2878.437142857143,696.4285714285714,644.1871428571429,1533.107142857143,40.0,40.0,3.0,20.0,15.0,1.5360961402593885
1130,1,33,31,1,6.0,79.0,1.0,2.0,5.0,0.44821428571428573,0.0,0.0,1776.0653571428572,0.0,0.0,1673.4524999999999,1537.3425,25.0,22.0,2004.6382142857144,1731.5110714285713,53.57142857142857,500.70464285714286,861.9285714285714,66.0,52.0,1.0,31.0,14.0,3.676513584792935
1565,0,37,44,1,6.0,79.0,1.0,2.0,5.0,822.2410714285714,0.0,0.0,0.0,0.0,0.0,1094.9014285714286,1023.4946428571428,12.0,10.0,1264.4432142857145,1029.6996428571429,625.0,65.61428571428571,257.14285714285717,26.0,19.0,5.0,6.0,4.0,3.183717184708726
1299,0,24,72,1,6.0,79.0,2.0,2.0,5.0,1725.3710714285714,0.0,0.0,0.0,0.0,0.0,535.7153571428572,535.7153571428572,2.0,2.0,141.17857142857142,141.17857142857142,0.0,0.0,137.78571428571428,4.0,4.0,0.0,0.0,3.0,3.408651128552659
1267,0,37,125,1,1.0,79.0,1.0,2.0,1.0,1753.0407142857143,1959.8710714285714,0.0,461.3339285714286,0.0,4312.384642857143,1284.8639285714287,1028.784642857143,17.0,12.0,1238.0685714285714,1028.784642857143,600.0,0.0,83.53571428571429,32.0,19.0,5.0,0.0,4.0,7.8175686411073855
23,1,4,160,1,2.0,4.0,1.0,2.0,5.0,22.967142857142857,25325.437857142857,868.7035714285714,333.4007142857143,0.0,0.0,559.1042857142858,559.0246428571429,4.0,3.0,945.715,945.715,107.14285714285714,529.3792857142857,309.1928571428571,33.0,33.0,1.0,26.0,6.0,3.3097518363775285
102,1,20,172,1,6.0,79.0,1.0,2.0,5.0,48.771071428571425,0.0,0.0,114.14,0.0,0.0,4160.701071428572,2840.9796428571426,38.0,33.0,4245.904642857143,2803.675714285714,232.14285714285714,786.3367857142857,202.24964285714285,86.0,58.0,4.0,38.0,6.0,6.690603830424314
1151,1,22,45,1,6.0,79.0,1.0,2.0,1.0,35454.3,0.0,0.0,12.34,0.0,1651.2996428571428,3153.4582142857143,1986.2546428571427,42.0,35.0,2921.8660714285716,2037.3617857142856,112.13,222.46392857142857,457.35714285714283,66.0,36.0,6.0,11.0,7.0,6.443397777977048
1261,1,22,148,1,6.0,79.0,1.0,2.0,5.0,958.0035714285714,0.0,0.0,336.21,0.0,0.0,1696.090357142857,1159.6821428571427,26.0,23.0,1700.4360714285715,1144.2185714285713,185.71428571428572,55.628214285714286,199.5,42.0,22.0,4.0,6.0,6.0,7.979472199349972
906,1,24,55,1,6.0,79.0,2.0,2.0,5.0,50.730000000000004,0.0,0.0,0.0,0.0,0.0,162.5007142857143,162.5007142857143,4.0,4.0,280.6092857142857,280.6092857142857,208.50607142857143,67.84642857142858,0.0,18.0,18.0,11.0,5.0,0.0,3.861775827788443
826,0,30,108,1,6.0,1.0,1.0,1.0,5.0,0.0,0.0,62103.26857142857,0.0,0.0,0.0,1610.2435714285714,1504.4739285714284,18.0,13.0,1689.4035714285715,1478.895,196.42857142857142,174.4935714285714,107.14285714285714,43.0,32.0,6.0,17.0,1.0,4.18058335714072
483,0,57,175,1,6.0,4.0,1.0,2.0,5.0,1345.2339285714286,0.0,0.0,8.868928571428572,0.0,0.0,1000.0810714285715,1000.0810714285715,2.0,2.0,808.1,808.1,35.714285714285715,16.428571428571427,104.82142857142857,7.0,7.0,1.0,2.0,1.0,3.325098799196776
1350,0,23,111,1,6.0,79.0,2.0,2.0,5.0,4.249642857142857,0.0,0.0,0.0,0.0,0.0,806.9396428571429,806.9396428571429,2.0,2.0,1255.8274999999999,1255.8274999999999,392.85714285714283,133.3632142857143,725.2857142857143,24.0,24.0,4.0,12.0,3.0,3.9398119376484906
1175,0,21,233,1,6.0,79.0,2.0,2.0,5.0,25428.11142857143,0.0,0.0,0.0,0.0,0.0,527.9296428571429,527.9296428571429,3.0,3.0,887.8178571428572,887.8178571428572,635.7142857142857,27.103571428571428,221.42857142857142,14.0,14.0,7.0,3.0,3.0,8.724816822797246
1329,0,16,149,1,6.0,45.0,2.0,2.0,5.0,715.9089285714286,0.0,90062.94607142858,0.0,0.0,0.0,3261.152857142857,3261.152857142857,6.0,6.0,2479.685,2479.685,714.2857142857143,131.8642857142857,1628.7492857142859,32.0,32.0,3.0,8.0,20.0,6.230081276975311
1220,1,28,53,1,1.0,79.0,1.0,1.0,5.0,1242.6432142857143,26851.724642857145,0.0,493.2075,1.4285714285714286,0.0,1324.3414285714284,966.5921428571429,39.0,33.0,1465.7285714285715,1001.2439285714287,371.42857142857144,122.82857142857142,141.21428571428572,73.0,40.0,12.0,12.0,4.0,6.318097193676116
1399,1,24,151,1,6.0,1.0,2.0,1.0,1.0,0.0,0.0,0.0,0.0,301.11571428571426,5921.967857142858,1988.6453571428572,1632.6539285714284,14.0,4.0,1680.8153571428572,1461.6967857142859,57.142857142857146,136.56392857142856,931.2903571428571,58.0,21.0,3.0,27.0,8.0,4.843605267812842
1506,1,56,108,1,6.0,79.0,1.0,2.0,5.0,197.46,0.0,0.0,586.1757142857142,0.0,0.0,637.9307142857143,417.94750000000005,16.0,12.0,626.5021428571429,417.94750000000005,0.0,0.0,195.25,21.0,12.0,0.0,0.0,7.0,3.9483919009603983
905,1,37,11,1,6.0,79.0,2.0,2.0,5.0,4899.0482142857145,0.0,0.0,0.0,0.0,0.0,573.8610714285714,573.8610714285714,2.0,2.0,634.8453571428571,634.8453571428571,0.0,0.0,631.4525,2.0,2.0,0.0,0.0,1.0,1.3720025624211423
491,1,53,10,1,6.0,79.0,1.0,1.0,2.0,185.90321428571428,0.0,0.0,0.0,0.0,9115.112857142858,6029.955357142857,3751.715357142857,63.0,48.0,5773.601071428571,3751.715357142857,0.0,101.34607142857143,1696.0685714285714,96.0,48.0,0.0,6.0,33.0,7.5935123050422995
860,1,26,9,1,6.0,79.0,2.0,2.0,5.0,169.96964285714284,0.0,0.0,0.0,0.0,0.0,0.00035714285714285714,0.00035714285714285714,1.0,1.0,0.0,0.0,0.0,0.0,0.0,0.0,0.0,0.0,0.0,0.0,1.863057888333626
557,0,21,151,1,6.0,2.0,1.0,2.0,5.0,2815.486785714286,0.0,0.0,0.0,0.0,0.0,1101.9939285714286,910.4160714285715,15.0,13.0,1190.8760714285713,947.8539285714286,96.42857142857143,308.2610714285714,349.94357142857143,33.0,23.0,6.0,11.0,3.0,5.854773456887771
156,1,54,95,1,1.0,1.0,2.0,2.0,5.0,417.8764285714286,6458.979285714287,9760.005357142858,0.0,0.0,0.0,1830.454642857143,1826.0492857142856,7.0,5.0,4655.535714285715,4655.535714285715,0.0,0.0,1012.6785714285714,8.0,8.0,0.0,0.0,6.0,5.697530126303215
421,1,28,110,1,6.0,79.0,2.0,2.0,1.0,7074.069285714286,0.0,0.0,0.0,0.0,4850.017142857143,785.407142857143,739.3632142857142,3.0,2.0,796.1821428571428,789.967857142857,146.42857142857142,267.96785714285716,280.5,37.0,35.0,5.0,17.0,7.0,3.54507502930083
447,0,30,176,1,6.0,79.0,2.0,2.0,5.0,2418.475,0.0,0.0,0.0,0.0,0.0,262.50107142857144,262.50107142857144,3.0,3.0,587.2467857142857,587.2467857142857,0.0,23.820357142857144,563.4264285714286,6.0,6.0,0.0,4.0,2.0,5.869508205324077
1555,0,19,86,1,6.0,79.0,1.0,2.0,5.0,393.3885714285714,0.0,0.0,0.0,0.0,0.0,337.54785714285714,337.54785714285714,2.0,2.0,271.66785714285714,271.66785714285714,142.85714285714286,46.846428571428575,17.857142857142858,13.0,13.0,2.0,2.0,1.0,2.9145132902454036
900,1,48,251,1,6.0,79.0,2.0,2.0,5.0,7.145714285714286,0.0,0.0,0.0,0.0,0.0,71.43249999999999,71.43249999999999,2.0,2.0,34.13785714285714,34.13785714285714,0.0,9.137857142857143,25.0,3.0,3.0,0.0,2.0,1.0,6.208599745733465
1527,1,39,10,1,6.0,79.0,1.0,1.0,5.0,24.782857142857143,0.0,0.0,0.0,17.178571428571427,0.0,366.39285714285717,323.7192857142857,7.0,3.0,984.6721428571428,953.1310714285713,660.7142857142857,0.0,274.08785714285716,22.0,15.0,7.0,0.0,6.0,1.5384740096646263
1159,0,33,128,1,1.0,79.0,2.0,2.0,5.0,467.1382142857143,21.534285714285716,0.0,0.0,0.0,0.0,2501.0460714285714,2500.002857142857,7.0,6.0,4964.964285714285,2464.964285714286,1250.0,0.0,1211.392857142857,25.0,20.0,5.0,0.0,11.0,8.308612588307225
1495,1,50,8,1,1.0,79.0,2.0,2.0,5.0,293.1660714285714,323.3885714285714,0.0,0.0,0.0,0.0,555.4510714285714,554.5557142857143,4.0,3.0,592.0803571428571,592.0803571428571,250.0,0.0,339.6875,5.0,5.0,2.0,0.0,2.0,1.4370847099266018
692,1,32,126,1,6.0,79.0,1.0,2.0,5.0,641.1296428571429,0.0,0.0,0.0,0.0,0.0,1092.6328571428571,930.532142857143,13.0,10.0,1142.7139285714286,980.6467857142858,71.42857142857143,120.39285714285714,567.0103571428572,31.0,25.0,2.0,9.0,9.0,3.3124464655267203
1308,0,22,10,1,6.0,79.0,2.0,2.0,5.0,12.612857142857143,0.0,0.0,0.0,0.0,0.0,0.0,0.0,0.0,0.0,0.8939285714285715,0.8939285714285715,0.0,0.0,0.0,1.0,1.0,0.0,0.0,0.0,2.2031797392783927
795,0,68,26,1,6.0,1.0,2.0,2.0,5.0,528.5796428571429,0.0,12768.21357142857,0.0,0.0,0.0,0.00035714285714285714,0.00035714285714285714,1.0,1.0,0.0,0.0,0.0,0.0,0.0,0.0,0.0,0.0,0.0,0.0,0.5153686011183091
388,0,40,89,1,6.0,79.0,2.0,1.0,5.0,357.14285714285717,0.0,0.0,0.0,0.7142857142857143,0.0,5014.412142857143,3304.287857142857,12.0,5.0,3428.0135714285716,3412.3892857142855,0.0,0.0,1447.25,25.0,19.0,0.0,0.0,13.0,1.9851022182524125
1223,0,44,0,1,6.0,79.0,2.0,2.0,5.0,143.31678571428571,0.0,0.0,0.0,0.0,0.0,858.2603571428572,858.2603571428572,4.0,4.0,760.6035714285715,760.6035714285715,478.57142857142856,241.6392857142857,36.464285714285715,19.0,19.0,4.0,11.0,2.0,0.9459141667856285
917,0,44,232,1,1.0,1.0,2.0,2.0,5.0,9.055,191.30928571428572,0.0,0.0,0.0,0.0,637.1457142857143,635.9525,5.0,4.0,1283.0714285714287,1283.0714285714287,785.7142857142857,127.89285714285714,369.25,14.0,14.0,3.0,3.0,7.0,7.757053421898213
1065,0,25,119,1,6.0,79.0,1.0,2.0,1.0,1450.2350000000001,0.0,0.0,0.0,0.0,360.3546428571429,1157.1389285714286,1064.652857142857,7.0,4.0,747.0582142857144,724.8796428571429,303.57142857142856,0.0,281.14285714285717,13.0,11.0,2.0,0.0,5.0,4.300636733219976
1582,0,51,237,2,6.0,79.0,1.0,1.0,5.0,2.454285714285714,0.0,0.0,698.2592857142856,2.357142857142857,0.0,408.1685714285714,229.47607142857143,13.0,6.0,362.09714285714284,229.47607142857143,0.0,0.0,107.03571428571429,16.0,6.0,0.0,0.0,2.0,7.780488729077284
544,1,5,113,1,6.0,64.0,2.0,2.0,5.0,4808.271071428571,0.0,32990.446071428574,0.0,0.0,0.0,1226.2267857142856,1226.2267857142856,5.0,5.0,804.9799999999999,804.9799999999999,278.57142857142856,451.81857142857143,72.73285714285714,24.0,24.0,1.0,15.0,6.0,4.350884436091122
1514,0,38,171,1,6.0,79.0,2.0,2.0,5.0,31.175,0.0,0.0,0.0,0.0,0.0,721.4407142857143,721.4407142857143,2.0,2.0,517.9628571428572,517.9628571428572,0.0,517.9628571428572,0.0,23.0,23.0,0.0,23.0,0.0,3.019195701019679
673,1,73,116,1,2.0,1.0,1.0,1.0,5.0,2588.8382142857145,16144.002142857144,733.0685714285713,8.445,1.1785714285714286,0.0,372.6653571428571,369.8314285714286,8.0,3.0,438.57142857142856,436.2142857142857,357.14285714285717,0.0,74.28571428571429,13.0,9.0,2.0,0.0,5.0,0.9188364400615923
160,0,41,181,1,6.0,79.0,2.0,2.0,5.0,3314.279642857143,0.0,0.0,0.0,0.0,0.0,1104.7310714285716,1104.7310714285716,3.0,3.0,708.7110714285715,708.7110714285715,0.0,50.13964285714286,657.8214285714286,23.0,23.0,0.0,7.0,15.0,3.7377593821154917
643,1,57,123,1,6.0,4.0,2.0,2.0,5.0,2204.2185714285715,0.0,181931.54714285716,0.0,0.0,0.0,806.5024999999999,806.5024999999999,2.0,2.0,790.1071428571429,790.1071428571429,357.14285714285717,132.46428571428572,296.42857142857144,21.0,21.0,6.0,6.0,4.0,4.724748296379216
404,0,25,63,1,6.0,79.0,2.0,2.0,5.0,60.051785714285714,0.0,0.0,0.0,0.0,0.0,406.6882142857143,406.6882142857143,3.0,3.0,1153.357142857143,1153.357142857143,1107.142857142857,0.0,42.035714285714285,18.0,18.0,7.0,0.0,2.0,5.10075114380304
639,0,81,234,1,6.0,79.0,2.0,2.0,5.0,736.9435714285713,0.0,0.0,0.0,0.0,0.0,714.3896428571428,714.3896428571428,2.0,2.0,667.6071428571429,667.6071428571429,357.14285714285717,310.4642857142857,0.0,3.0,3.0,1.0,2.0,0.0,5.217076674596672
515,0,46,102,1,2.0,79.0,2.0,2.0,5.0,956.6560714285714,10861.7475,0.0,0.0,0.0,0.0,8.132142857142856,0.07142857142857142,4.0,2.0,1.6382142857142856,1.6382142857142856,0.0,0.0,0.0,1.0,1.0,0.0,0.0,0.0,3.393695271159951
1056,0,10,159,1,6.0,79.0,2.0,2.0,5.0,283.60499999999996,0.0,0.0,0.0,0.0,0.0,0.021785714285714287,0.021785714285714287,1.0,1.0,0.8939285714285715,0.8939285714285715,0.0,0.0,0.0,1.0,1.0,0.0,0.0,0.0,6.394868508223122
360,1,46,86,4,1.0,79.0,2.0,2.0,5.0,5871.232142857143,18085.488214285713,0.0,0.0,0.0,0.0,7.297857142857143,0.002857142857142857,2.0,1.0,0.0,0.0,0.0,0.0,0.0,0.0,0.0,0.0,0.0,0.0,5.460790840363867
1564,0,29,175,1,6.0,79.0,1.0,2.0,5.0,45.097857142857144,0.0,0.0,531.6296428571428,0.0,0.0,679.6060714285715,519.1135714285714,23.0,18.0,701.6596428571429,506.0028571428571,139.28571428571428,122.08178571428572,83.92857142857143,41.0,27.0,6.0,14.0,1.0,7.454507777571849
134,1,32,128,1,6.0,79.0,2.0,2.0,1.0,2809.1978571428567,0.0,0.0,0.0,0.0,7237.215357142857,528.7110714285715,433.42928571428575,3.0,2.0,403.82142857142856,401.0,285.7142857142857,0.0,0.0,6.0,5.0,2.0,0.0,0.0,6.961419838112845
838,1,24,181,1,6.0,79.0,1.0,2.0,5.0,54.482142857142854,0.0,0.0,0.0,0.0,0.0,414.825,414.825,4.0,4.0,781.5925,781.5925,107.14285714285714,338.075,335.6246428571429,20.0,20.0,1.0,13.0,5.0,4.318076169794002
438,0,30,217,1,6.0,79.0,2.0,2.0,5.0,8206.767142857143,0.0,0.0,0.0,0.0,0.0,536.4296428571429,536.4296428571429,3.0,3.0,480.6857142857143,480.6857142857143,300.0,89.00714285714285,89.28571428571429,17.0,17.0,4.0,8.0,2.0,6.426268321662629
422,0,27,160,1,1.0,1.0,2.0,2.0,5.0,502.44607142857143,92.50607142857143,0.0,0.0,0.0,0.0,1235.7682142857143,1232.8057142857142,4.0,3.0,1471.892857142857,1471.892857142857,535.7142857142857,0.0,936.1785714285714,8.0,8.0,1.0,0.0,7.0,6.452028208967573
630,1,22,178,1,6.0,79.0,2.0,2.0,5.0,389.45,0.0,0.0,0.0,0.0,0.0,0.004642857142857143,0.004642857142857143,1.0,1.0,691.6428571428571,691.6428571428571,232.14285714285714,76.14285714285714,372.64285714285717,15.0,15.0,2.0,10.0,2.0,5.506116665547649
537,1,78,58,1,6.0,1.0,2.0,2.0,5.0,814.4560714285715,0.0,0.0,0.0,0.0,0.0,782.1517857142857,782.1517857142857,5.0,5.0,267.0575,267.0575,0.0,0.0,264.4503571428571,8.0,8.0,0.0,0.0,7.0,-0.011188525133248806
693,0,15,54,1,6.0,79.0,1.0,2.0,5.0,2889.781785714286,0.0,0.0,0.0,0.0,0.0,1581.5092857142859,1581.5092857142859,5.0,5.0,1457.8482142857142,1457.8482142857142,292.85714285714283,443.3125,712.5357142857143,65.0,65.0,10.0,27.0,21.0,-0.23746351199235471
1438,0,27,199,1,6.0,79.0,2.0,2.0,5.0,753.5307142857143,0.0,0.0,0.0,0.0,0.0,671.4289285714285,671.4289285714285,3.0,3.0,706.3214285714286,706.3214285714286,0.0,0.0,703.9285714285714,7.0,7.0,0.0,0.0,6.0,6.45559548933621
179,0,20,109,1,6.0,79.0,2.0,2.0,5.0,11.684642857142858,0.0,0.0,0.0,0.0,0.0,1322.144642857143,1322.144642857143,5.0,5.0,642.6071428571429,642.6071428571429,89.28571428571429,10.321428571428571,539.6071428571429,9.0,9.0,2.0,2.0,4.0,4.729635313447915
1355,0,55,101,1,6.0,79.0,2.0,2.0,5.0,0.5932142857142857,0.0,0.0,0.0,0.0,0.0,921.1196428571428,921.1196428571428,2.0,2.0,0.8928571428571429,0.8928571428571429,0.0,0.0,0.0,1.0,1.0,0.0,0.0,0.0,2.377225532063618
221,1,42,186,1,6.0,79.0,2.0,1.0,5.0,1442.284642857143,0.0,0.0,0.0,0.0,0.0,358.57214285714286,357.1432142857143,8.0,5.0,416.1035714285714,414.675,10.714285714285714,0.0,252.14285714285714,12.0,10.0,1.0,0.0,6.0,4.975676105258822
500,1,30,150,3,1.0,3.0,2.0,2.0,5.0,1180.6592857142857,10940.430357142857,35627.709642857146,0.0,0.0,0.0,911.8089285714286,911.0814285714285,3.0,2.0,833.5678571428572,833.5678571428572,357.14285714285717,0.0,473.49642857142857,11.0,11.0,1.0,0.0,9.0,7.122875986640158
455,0,32,15,1,2.0,79.0,2.0,1.0,5.0,33553.847499999996,1073.4035714285715,0.0,0.0,530.3564285714285,0.0,3024.1539285714284,1683.0082142857143,24.0,10.0,2577.4185714285713,1682.9971428571428,0.0,382.4396428571428,374.42857142857144,47.0,10.0,0.0,24.0,6.0,0.9567583839493219
627,1,30,227,1,6.0,2.0,2.0,2.0,5.0,1604.2664285714286,0.0,4107.860357142857,0.0,0.0,0.0,2108.4353571428574,2108.4353571428574,2.0,2.0,2152.1428571428573,2152.1428571428573,0.0,0.0,2148.75,4.0,4.0,0.0,0.0,3.0,6.394545980023536
1155,0,69,219,1,6.0,79.0,2.0,2.0,5.0,31.785714285714285,0.0,0.0,0.0,0.0,0.0,107.1432142857143,107.1432142857143,2.0,2.0,107.85714285714286,107.85714285714286,107.14285714285714,0.0,0.0,3.0,3.0,2.0,0.0,0.0,5.286763710873642
1425,0,32,66,1,6.0,4.0,1.0,2.0,5.0,645.7096428571429,0.0,10888.256785714286,0.0,0.0,0.0,543.4471428571429,543.4471428571429,2.0,2.0,539.9685714285714,539.9685714285714,21.428571428571427,0.0,494.71857142857147,10.0,10.0,1.0,0.0,5.0,1.9431444184099038
444,1,63,250,1,6.0,79.0,2.0,2.0,1.0,494.055,0.0,0.0,0.0,0.0,608.9953571428571,222.21214285714285,117.8575,3.0,2.0,124.32142857142857,117.82142857142857,0.0,0.0,0.0,4.0,2.0,0.0,0.0,0.0,5.801684309918246
1442,0,26,9,1,6.0,79.0,1.0,2.0,5.0,0.00035714285714285714,0.0,0.0,0.0,0.0,0.0,966.1914285714286,966.1914285714286,2.0,2.0,653.5335714285713,653.5335714285713,246.42857142857142,83.81928571428571,320.60714285714283,18.0,18.0,5.0,8.0,3.0,0.7838488535749902
776,1,33,152,2,1.0,1.0,2.0,2.0,5.0,0.0,10977.926785714286,11162.439642857144,0.0,0.0,0.0,393.0678571428571,392.89428571428573,4.0,3.0,339.42571428571426,339.42571428571426,0.0,0.0,334.7471428571429,9.0,9.0,0.0,0.0,8.0,5.439496671784005
881,1,72,179,2,6.0,79.0,2.0,2.0,5.0,3024.1453571428574,0.0,0.0,0.0,0.0,0.0,0.0035714285714285718,0.0035714285714285718,1.0,1.0,107.60714285714286,107.60714285714286,107.14285714285714,0.0,0.0,2.0,2.0,1.0,0.0,0.0,4.664696819569939
1041,1,61,11,1,6.0,1.0,1.0,1.0,5.0,22.291071428571428,0.0,178571.42857142858,0.0,30.928571428571427,0.0,7830.309642857143,4444.768214285714,22.0,13.0,7356.996785714286,4700.996785714286,89.28571428571429,787.1374999999999,882.3571428571429,31.0,14.0,2.0,7.0,3.0,3.4776324055086656
1253,1,50,134,1,6.0,79.0,1.0,2.0,5.0,1181.3639285714287,0.0,0.0,0.0,0.0,0.0,345.7682142857143,345.7682142857143,5.0,5.0,418.67857142857144,418.67857142857144,0.0,0.0,414.32142857142856,14.0,14.0,0.0,0.0,13.0,2.5765813633991144
873,0,31,150,1,6.0,79.0,2.0,2.0,5.0,107.2625,0.0,0.0,0.0,0.0,0.0,20647.720714285715,20647.720714285715,13.0,13.0,35196.56642857143,35196.56642857143,0.0,1745.1371428571426,30069.696428571428,64.0,64.0,0.0,31.0,23.0,12.358457106297587
1488,1,73,233,1,6.0,79.0,2.0,2.0,1.0,0.0,0.0,0.0,0.0,0.0,3420.845357142857,896.8803571428572,815.8592857142858,5.0,4.0,696.1482142857143,689.3625000000001,303.57142857142856,67.1125,157.10714285714286,24.0,22.0,6.0,8.0,4.0,5.531898561653572
1246,0,42,180,1,6.0,79.0,2.0,2.0,5.0,12519.4,0.0,0.0,0.0,0.0,0.0,0.03357142857142857,0.03357142857142857,1.0,1.0,500.8878571428572,500.8878571428572,440.4785714285714,19.082142857142856,35.714285714285715,10.0,10.0,3.0,2.0,1.0,5.701859358795703
1323,0,70,213,1,6.0,79.0,2.0,2.0,5.0,325.3625,0.0,0.0,0.0,0.0,0.0,575.4332142857143,575.4332142857143,5.0,5.0,252.75,252.75,0.0,120.60714285714286,132.14285714285714,6.0,6.0,0.0,4.0,2.0,4.689907380772455
222,0,70,68,1,6.0,79.0,2.0,2.0,5.0,0.0,0.0,0.0,0.0,0.0,0.0,879.9689285714286,879.9689285714286,3.0,3.0,815.0714285714286,815.0714285714286,0.0,28.392857142857142,757.1428571428571,14.0,14.0,0.0,1.0,10.0,0.7007617698005031
1557,0,77,150,1,6.0,2.0,2.0,2.0,5.0,55.55464285714286,0.0,0.0,0.0,0.0,0.0,1837.5314285714285,1837.5314285714285,10.0,10.0,1791.25,1791.25,0.0,0.0,0.0,2.0,2.0,0.0,0.0,0.0,4.636879614334193
495,0,19,150,1,6.0,5.0,2.0,1.0,5.0,8.540357142857143,0.0,6667.976428571428,0.0,641.5753571428571,0.0,3683.2010714285716,3582.39,12.0,6.0,8534.410714285714,5232.782142857142,1785.7142857142858,699.5892857142857,3045.464285714286,57.0,42.0,10.0,11.0,23.0,8.120582514200224
678,0,16,57,1,1.0,3.0,2.0,2.0,5.0,2730.121428571428,0.0,761235.5042857144,0.0,0.0,0.0,8.304285714285715,0.0,1.0,0.0,0.0,0.0,0.0,0.0,0.0,0.0,0.0,0.0,0.0,0.0,13.706862835313329
271,1,24,70,1,2.0,1.0,2.0,2.0,5.0,0.0014285714285714286,3822.741785714286,4394.670714285714,0.0,0.0,0.0,391.65785714285715,242.8232142857143,7.0,5.0,123.80535714285715,123.80535714285715,0.0,0.0,120.41250000000001,8.0,8.0,0.0,0.0,7.0,3.2786221709385788
1483,1,69,41,1,6.0,79.0,2.0,2.0,5.0,856.2492857142857,0.0,0.0,0.0,0.0,0.0,522.0367857142858,522.0367857142858,2.0,2.0,541.075,541.075,339.2857142857143,26.789285714285715,142.85714285714286,11.0,11.0,3.0,2.0,2.0,0.5052345765689448
1549,1,34,237,1,1.0,79.0,2.0,2.0,5.0,1161.5057142857142,57906.44357142857,0.0,0.0,0.0,0.0,7446.471428571429,285.80285714285714,10.0,2.0,8567.43642857143,8567.338214285714,0.0,84.90964285714286,8477.5,14.0,9.0,0.0,1.0,6.0,5.842160576677701
1563,1,24,12,1,6.0,79.0,1.0,2.0,5.0,127.68142857142857,0.0,0.0,0.0,0.0,0.0,1544.1257142857141,1544.1257142857141,8.0,8.0,7073.650000000001,7073.650000000001,357.14285714285717,62.65714285714286,2905.035714285714,23.0,23.0,1.0,6.0,12.0,6.062201886600181
470,0,79,128,1,6.0,79.0,2.0,2.0,5.0,20.607499999999998,0.0,0.0,0.0,0.0,0.0,491.72107142857146,491.72107142857146,4.0,4.0,931.1357142857142,931.1357142857142,0.0,847.8142857142857,79.5,16.0,16.0,0.0,8.0,5.0,1.9495449368711466
859,1,12,150,1,6.0,79.0,2.0,2.0,5.0,359.0332142857143,0.0,0.0,0.0,0.0,0.0,0.0071428571428571435,0.0071428571428571435,1.0,1.0,8.926785714285714,8.926785714285714,0.0,0.0,0.0,2.0,2.0,0.0,0.0,0.0,5.602296845564428
1177,0,42,149,1,6.0,79.0,2.0,2.0,5.0,5320.353214285715,0.0,0.0,0.0,0.0,0.0,8209.624285714286,8209.624285714286,9.0,9.0,6043.203928571428,6043.203928571428,1438.9607142857144,1624.590357142857,2950.75,75.0,75.0,12.0,37.0,15.0,1.370414170057187
451,1,62,152,1,6.0,7.0,2.0,1.0,5.0,6.699285714285715,0.0,538.1303571428572,0.0,13.071428571428571,0.0,3.568214285714286,0.0071428571428571435,5.0,1.0,250.88107142857143,248.52392857142857,0.0,0.0,243.03571428571428,12.0,8.0,0.0,0.0,6.0,2.426538169936179
67,0,14,20,1,6.0,79.0,2.0,2.0,5.0,1682.8132142857141,0.0,0.0,0.0,0.0,0.0,632.0292857142857,632.0292857142857,2.0,2.0,69.53571428571429,69.53571428571429,0.0,60.785714285714285,0.0,3.0,3.0,0.0,1.0,0.0,2.580944241681367
1583,1,8,151,1,6.0,79.0,2.0,2.0,5.0,4038.9710714285716,0.0,0.0,0.0,0.0,0.0,725.0517857142858,725.0517857142858,2.0,2.0,1095.4285714285713,1095.4285714285713,857.1428571428571,63.92857142857143,171.96428571428572,10.0,10.0,3.0,1.0,4.0,7.095175362163248
129,1,42,126,1,6.0,79.0,2.0,2.0,5.0,1103.6585714285713,0.0,0.0,0.0,0.0,0.0,1062.0342857142857,1062.0342857142857,5.0,5.0,1021.6071428571429,1021.6071428571429,678.5714285714286,0.0,343.0357142857143,9.0,9.0,2.0,0.0,7.0,4.909430164244353
1345,0,22,152,1,2.0,79.0,2.0,1.0,1.0,490.44,73.46249999999999,0.0,0.0,158.64285714285714,4250.1167857142855,1449.0707142857143,1074.465,9.0,3.0,1591.1042857142857,1130.5321428571428,53.57142857142857,497.94642857142856,629.2857142857143,18.0,11.0,1.0,6.0,4.0,6.359195908968385
1000,1,61,1,1,6.0,79.0,2.0,2.0,5.0,55934.02035714286,0.0,0.0,0.0,0.0,0.0,390.27750000000003,390.27750000000003,2.0,2.0,1950.5357142857142,1950.5357142857142,160.71428571428572,0.0,0.0,4.0,4.0,2.0,0.0,0.0,1.6178318522425505
1392,0,29,152,1,1.0,3.0,2.0,2.0,5.0,10.714285714285714,1726.8857142857144,0.0,0.0,0.0,0.0,791.0521428571428,674.6246428571429,7.0,4.0,0.0,0.0,0.0,0.0,0.0,0.0,0.0,0.0,0.0,0.0,5.365966113147164
777,0,5,22,1,6.0,79.0,2.0,2.0,5.0,484.5646428571428,0.0,0.0,0.0,0.0,0.0,1864.1025000000002,1864.1025000000002,8.0,8.0,1372.8700000000001,1372.8700000000001,96.42857142857143,492.6914285714286,780.1785714285714,36.0,36.0,3.0,20.0,10.0,1.7438798742007673
1436,1,24,123,1,1.0,6.0,2.0,2.0,5.0,1453.9053571428572,2331.7110714285714,4075.0,0.0,0.0,0.0,14.312857142857142,14.289285714285715,3.0,2.0,1.9642857142857142,1.9642857142857142,0.0,0.0,0.0,1.0,1.0,0.0,0.0,0.0,4.6677892556167855
127,0,25,150,1,6.0,79.0,1.0,2.0,5.0,2893.112857142857,0.0,0.0,676.7528571428572,0.0,0.0,32.15,32.15,3.0,3.0,52.142857142857146,52.142857142857146,0.0,0.0,52.142857142857146,4.0,4.0,0.0,0.0,4.0,6.054191163386922
1591,0,10,170,1,6.0,79.0,1.0,2.0,5.0,154.55714285714288,0.0,0.0,0.0,0.0,0.0,2064.8407142857145,1524.1675,10.0,8.0,2517.090714285714,1528.6375,0.0,0.0,985.3571428571429,15.0,8.0,0.0,0.0,5.0,7.1127779543287595
208,0,40,183,1,6.0,79.0,2.0,2.0,5.0,1.04,0.0,0.0,0.0,0.0,0.0,0.0,0.0,0.0,0.0,0.8928571428571429,0.8928571428571429,0.0,0.0,0.0,1.0,1.0,0.0,0.0,0.0,5.29716975489356
747,1,31,20,1,6.0,79.0,1.0,2.0,5.0,43.13,0.0,0.0,1459.457142857143,0.0,0.0,1322.7310714285716,1322.7192857142857,18.0,17.0,1270.2,1243.0249999999999,535.7142857142857,75.90607142857142,624.4285714285714,36.0,33.0,3.0,3.0,24.0,5.094374228068733
1169,0,6,172,1,6.0,79.0,2.0,2.0,5.0,1824.0400000000002,0.0,0.0,0.0,0.0,0.0,655.2128571428572,655.2128571428572,2.0,2.0,691.8535714285715,691.8535714285715,500.0,189.8892857142857,0.0,9.0,9.0,1.0,7.0,0.0,7.013108929149593
1033,1,23,188,1,1.0,3.0,2.0,2.0,5.0,193.5725,10743.74142857143,0.0,0.0,0.0,0.0,2.5767857142857147,0.008928571428571428,4.0,1.0,1.3225,0.8928571428571429,0.0,0.0,0.0,2.0,1.0,0.0,0.0,0.0,5.818370072459781
1391,1,73,136,1,6.0,79.0,2.0,2.0,5.0,2221.302857142857,0.0,0.0,0.0,0.0,0.0,1002.9814285714285,1002.9814285714285,4.0,4.0,584.7878571428571,584.7878571428571,53.57142857142857,170.645,360.57142857142856,12.0,12.0,2.0,7.0,3.0,1.9570595394620511
143,0,66,18,1,6.0,79.0,2.0,1.0,5.0,0.0,0.0,0.0,0.0,853.2671428571429,0.0,19775.640000000003,18347.068571428572,10.0,9.0,18181.79357142857,16753.222142857143,71.42857142857143,1309.9007142857142,15311.785714285714,50.0,49.0,2.0,26.0,15.0,-6.4474941389481835
213,0,47,151,1,6.0,79.0,2.0,2.0,5.0,2462.121785714286,0.0,0.0,0.0,0.0,0.0,403.2525,403.2525,3.0,3.0,388.89285714285717,388.89285714285717,64.28571428571429,0.0,324.60714285714283,2.0,2.0,1.0,0.0,1.0,4.873068853259995
480,1,36,71,1,6.0,79.0,2.0,2.0,5.0,869.8032142857144,0.0,0.0,0.0,0.0,0.0,357.14285714285717,357.14285714285717,1.0,1.0,360.5357142857143,360.5357142857143,0.0,0.0,357.14285714285717,2.0,2.0,0.0,0.0,1.0,2.6242277638633174
691,0,41,216,1,6.0,79.0,2.0,2.0,5.0,225.8607142857143,0.0,0.0,0.0,0.0,0.0,1500.0049999999999,1500.0049999999999,3.0,3.0,1667.939285714286,1667.939285714286,142.85714285714286,252.975,1264.9285714285713,38.0,38.0,2.0,14.0,19.0,4.072445490597109
1196,1,20,183,1,6.0,79.0,2.0,2.0,5.0,3405.2428571428572,0.0,0.0,0.0,0.0,0.0,0.052142857142857144,0.052142857142857144,1.0,1.0,0.8928571428571429,0.8928571428571429,0.0,0.0,0.0,1.0,1.0,0.0,0.0,0.0,6.048041497794281
849,0,24,14,1,6.0,79.0,2.0,2.0,5.0,146.85392857142855,0.0,0.0,0.0,0.0,0.0,107.14642857142857,107.14642857142857,2.0,2.0,205.57964285714283,205.57964285714283,189.80964285714285,0.0,0.0,9.0,9.0,4.0,0.0,0.0,2.6780691620612975
1595,1,11,53,1,6.0,79.0,2.0,1.0,5.0,356.66964285714283,0.0,0.0,0.0,1.4285714285714286,0.0,3835.5367857142855,2021.4296428571429,7.0,4.0,5647.542857142857,2055.042857142857,0.0,0.0,1803.5714285714287,12.0,5.0,0.0,0.0,2.0,4.961052685280123
1254,1,39,180,1,6.0,79.0,2.0,2.0,5.0,740.4503571428571,0.0,0.0,0.0,0.0,0.0,2555.5185714285717,2555.5185714285717,7.0,7.0,2398.9792857142857,2398.9792857142857,750.0,364.9792857142857,1278.5714285714287,36.0,36.0,4.0,17.0,13.0,4.4151685118592265
802,1,47,25,1,1.0,3.0,2.0,2.0,5.0,7.093571428571429,2645.5457142857144,11587.910357142857,0.0,0.0,0.0,3399.972142857143,3398.148214285714,6.0,5.0,6050.262857142857,3728.8342857142857,250.0,275.7578571428572,3201.647857142857,29.0,28.0,6.0,9.0,12.0,2.8626966800088467
1517,1,48,88,1,6.0,79.0,2.0,2.0,5.0,53.04857142857143,0.0,0.0,0.0,0.0,0.0,374.3957142857143,374.3957142857143,2.0,2.0,337.14285714285717,337.14285714285717,53.57142857142857,10.0,269.7142857142857,11.0,11.0,1.0,1.0,7.0,2.1254447459876937
1030,0,27,164,2,1.0,79.0,2.0,2.0,5.0,8055.420357142857,37569.466785714285,0.0,0.0,0.0,0.0,583.9103571428572,566.0725,4.0,2.0,563.6267857142857,563.6267857142857,0.0,128.1767857142857,414.25,19.0,19.0,0.0,10.0,7.0,4.536115195063901
45,1,63,52,1,1.0,79.0,2.0,2.0,5.0,0.0,38757.89464285714,0.0,0.0,0.0,0.0,5.913928571428571,0.008571428571428572,2.0,1.0,3.392857142857143,3.392857142857143,0.0,0.0,0.0,1.0,1.0,0.0,0.0,0.0,0.22248845941016515
1409,0,10,149,1,6.0,79.0,1.0,2.0,5.0,62.53928571428571,0.0,0.0,0.0,0.0,0.0,402.90285714285716,402.90285714285716,2.0,2.0,103.46428571428571,103.46428571428571,0.0,0.0,100.07142857142857,3.0,3.0,0.0,0.0,2.0,5.212144584603966
614,1,58,28,1,2.0,17.0,1.0,1.0,5.0,0.0,7143.0425000000005,0.0,0.0,0.0,0.0,8403.025357142857,8298.769285714287,16.0,9.0,9704.470714285713,9485.227499999999,357.14285714285717,341.82321428571424,5161.464285714285,46.0,33.0,1.0,13.0,24.0,1.1401853955109698
448,0,23,159,1,1.0,5.0,1.0,2.0,5.0,39.75107142857143,0.013571428571428571,2989.4539285714286,0.0,0.0,0.0,1534.4328571428573,1533.7721428571429,6.0,5.0,1372.6339285714287,1372.6339285714287,367.85714285714283,0.0,986.2767857142857,33.0,33.0,12.0,0.0,9.0,5.137734789123408
713,1,50,67,1,6.0,79.0,1.0,2.0,5.0,113.40928571428572,0.0,0.0,350.11357142857145,0.0,0.0,860.505,860.505,3.0,3.0,871.1607142857143,871.1607142857143,521.4285714285714,278.73214285714283,67.39285714285714,29.0,29.0,6.0,16.0,5.0,0.9999342662624493
754,0,36,196,1,6.0,79.0,2.0,2.0,5.0,13.0425,0.0,0.0,0.0,0.0,0.0,565.7867857142858,565.7867857142858,2.0,2.0,3.012857142857143,3.012857142857143,0.0,0.0,0.0,2.0,2.0,0.0,0.0,0.0,5.642907117111505
112,0,73,31,1,6.0,79.0,2.0,2.0,5.0,204.46142857142857,0.0,0.0,0.0,0.0,0.0,157.28821428571428,157.28821428571428,4.0,4.0,222.57642857142858,222.57642857142858,146.42857142857142,76.14785714285713,0.0,21.0,21.0,8.0,13.0,0.0,0.26673122862261023
990,0,23,153,1,1.0,79.0,2.0,2.0,5.0,181.4857142857143,22492.738214285717,0.0,0.0,0.0,0.0,3650.5539285714285,3623.965714285714,5.0,3.0,3620.63,3615.2714285714287,0.0,0.0,3071.4285714285716,6.0,5.0,0.0,0.0,2.0,5.434152826384136
1513,0,87,149,1,1.0,6.0,2.0,2.0,5.0,0.0,17859.757857142857,3732.1428571428573,0.0,0.0,0.0,487.6471428571429,478.2292857142857,4.0,3.0,26.0,26.0,0.0,26.0,0.0,2.0,2.0,0.0,2.0,0.0,1.9186871521311417
1117,0,55,117,1,6.0,79.0,1.0,1.0,2.0,393.88357142857143,0.0,0.0,2055.3253571428572,0.7142857142857143,11060.533928571429,2741.9171428571426,2658.0285714285715,11.0,6.0,1344.4750000000001,1340.0107142857144,339.2857142857143,333.83214285714286,490.25,32.0,27.0,3.0,7.0,14.0,8.175234845923155
482,0,65,7,1,6.0,79.0,2.0,2.0,5.0,22.417857142857144,0.0,0.0,0.0,0.0,0.0,1164.2882142857143,1164.2882142857143,4.0,4.0,494.9642857142857,494.9642857142857,35.714285714285715,265.32142857142856,193.92857142857142,16.0,16.0,1.0,11.0,4.0,-0.9507126298228623
1524,0,25,115,1,6.0,79.0,2.0,2.0,5.0,91.43357142857143,0.0,0.0,0.0,0.0,0.0,2526.8646428571433,2526.8646428571433,4.0,4.0,1461.4285714285713,1461.4285714285713,1142.857142857143,26.892857142857142,285.7142857142857,14.0,14.0,4.0,2.0,3.0,5.220581077564854
249,0,25,196,1,1.0,79.0,2.0,2.0,5.0,42.99535714285714,1733.5774999999999,0.0,0.0,0.0,0.0,2428.6885714285713,2428.6885714285713,2.0,2.0,1797.1553571428572,1797.1553571428572,192.85714285714286,563.2467857142857,1041.0514285714285,22.0,22.0,3.0,10.0,9.0,5.4897759312693015
1091,0,42,174,1,1.0,26.0,2.0,2.0,5.0,7.107142857142857,0.008928571428571428,0.0,0.0,0.0,0.0,6273.769285714286,6271.618571428572,5.0,4.0,2366.9285714285716,2366.9285714285716,2142.8571428571427,0.0,222.53571428571428,7.0,7.0,2.0,0.0,2.0,5.4360670934830475
341,0,46,171,1,6.0,79.0,2.0,2.0,5.0,1724.347857142857,0.0,0.0,0.0,0.0,0.0,82.54964285714286,82.54964285714286,3.0,3.0,97.96428571428571,97.96428571428571,0.0,0.0,95.35714285714286,4.0,4.0,0.0,0.0,3.0,5.042433935286968
83,0,43,111,1,3.0,7.0,2.0,2.0,5.0,14.855,90800.88214285715,0.0,0.0,0.0,0.0,569.7671428571429,568.7203571428571,4.0,3.0,225.07142857142858,225.07142857142858,0.0,0.0,224.39285714285714,4.0,4.0,0.0,0.0,3.0,1.342341617061167
863,1,26,151,1,6.0,79.0,1.0,1.0,2.0,21.936785714285715,0.0,0.0,0.0,1.1785714285714286,63.80321428571428,2284.4875,1621.3899999999999,23.0,14.0,3678.240357142857,2135.0964285714285,642.8571428571429,1120.1857142857143,805.3571428571429,55.0,23.0,7.0,18.0,8.0,7.529554626807092
1585,0,28,221,1,6.0,79.0,2.0,2.0,5.0,816.0564285714287,0.0,0.0,0.0,0.0,0.0,178.57928571428573,178.57928571428573,5.0,5.0,0.0,0.0,0.0,0.0,0.0,0.0,0.0,0.0,0.0,0.0,7.577737355454433
1284,0,58,26,1,6.0,79.0,2.0,2.0,5.0,17.917142857142856,0.0,0.0,0.0,0.0,0.0,714.2892857142857,714.2892857142857,2.0,2.0,218.80857142857144,218.80857142857144,0.0,14.805000000000001,0.0,7.0,7.0,0.0,5.0,0.0,0.19538153682512166
608,1,35,157,1,1.0,79.0,2.0,2.0,5.0,347.36571428571426,29191.295000000002,0.0,0.0,0.0,0.0,460.9189285714286,459.8367857142857,4.0,3.0,460.6210714285714,460.6210714285714,321.42857142857144,35.97821428571429,100.92857142857143,8.0,8.0,2.0,1.0,4.0,4.7646988733621916
269,0,39,61,1,1.0,79.0,1.0,2.0,5.0,611.0925,11325.131785714286,0.0,984.7853571428572,0.0,0.0,648.8060714285714,643.7989285714285,3.0,2.0,1450.0714285714287,1450.0714285714287,107.14285714285714,0.0,268.7142857142857,10.0,10.0,1.0,0.0,7.0,4.369063083503376
1463,0,43,117,1,6.0,79.0,2.0,2.0,5.0,1041.2992857142858,0.0,0.0,0.0,0.0,0.0,727.9296428571428,727.9296428571428,4.0,4.0,985.3571428571429,985.3571428571429,482.14285714285717,0.0,499.9642857142857,14.0,14.0,5.0,0.0,5.0,4.7500263384253305
509,1,5,168,1,6.0,79.0,1.0,2.0,5.0,6722.328571428572,0.0,0.0,0.0,0.0,0.0,1235.3260714285714,1235.3260714285714,4.0,4.0,904.5267857142857,904.5267857142857,53.57142857142857,102.09821428571429,338.7142857142857,27.0,27.0,3.0,8.0,13.0,4.46264461832433
1265,0,31,162,1,6.0,79.0,2.0,2.0,5.0,2941.9939285714286,0.0,0.0,0.0,0.0,0.0,364.40999999999997,364.40999999999997,2.0,2.0,583.7460714285714,583.7460714285714,464.2857142857143,112.49607142857143,0.0,9.0,9.0,3.0,4.0,0.0,5.964702534191695
1259,1,26,228,2,6.0,79.0,2.0,2.0,1.0,0.0,0.0,0.0,0.0,0.0,2933.3135714285713,370.67607142857145,339.2867857142857,3.0,2.0,327.5371428571429,323.18,17.857142857142858,33.25142857142857,221.5,15.0,13.0,1.0,3.0,7.0,8.23694915262571
662,0,8,56,1,6.0,79.0,2.0,2.0,5.0,0.0,0.0,0.0,0.0,0.0,0.0,419.0128571428572,419.0128571428572,3.0,3.0,310.85035714285715,310.695,303.69464285714287,0.0,0.0,6.0,5.0,3.0,0.0,0.0,4.8478116211232605
732,1,43,63,3,1.0,6.0,2.0,2.0,5.0,301.15607142857147,347.4171428571429,49993.39928571428,0.0,0.0,0.0,329.63892857142855,328.8971428571429,3.0,2.0,450.15714285714284,450.15714285714284,0.0,315.90714285714284,129.71428571428572,9.0,9.0,0.0,4.0,4.0,4.54371550559666
792,1,84,151,1,6.0,79.0,2.0,2.0,5.0,9.3025,0.0,0.0,0.0,0.0,0.0,920.8057142857143,920.8057142857143,2.0,2.0,1475.0907142857143,1475.0907142857143,0.0,0.0,0.0,2.0,2.0,0.0,0.0,0.0,3.1017004339453234
808,1,48,85,1,1.0,18.0,2.0,2.0,5.0,608.5792857142858,55.53035714285714,0.0,0.0,0.0,0.0,0.8717857142857143,0.040357142857142855,2.0,1.0,10982.142857142857,10982.142857142857,0.0,0.0,0.0,4.0,4.0,0.0,0.0,0.0,13.361922901343666
658,0,51,32,1,6.0,79.0,2.0,2.0,5.0,1107.6778571428572,0.0,0.0,0.0,0.0,0.0,0.0725,0.07107142857142858,5.0,1.0,1128.2514285714285,1128.25,0.0,0.0,53.57142857142857,7.0,3.0,0.0,0.0,1.0,2.447504161813361
985,0,36,92,1,6.0,79.0,1.0,2.0,5.0,58.1,0.0,0.0,164.67535714285714,0.0,0.0,626.2435714285714,330.9789285714286,5.0,3.0,376.24357142857144,330.9789285714286,35.714285714285715,0.0,0.0,5.0,3.0,1.0,0.0,0.0,3.3654062732997923
1538,0,35,150,1,1.0,79.0,2.0,2.0,5.0,2238.2657142857142,0.010357142857142856,0.0,0.0,0.0,0.0,35830.19285714286,110.17285714285715,4.0,2.0,35714.28571428572,35714.28571428572,0.0,0.0,35714.28571428572,1.0,1.0,0.0,0.0,1.0,5.106737645160487
1058,1,79,145,1,1.0,1.0,2.0,2.0,5.0,431.3464285714286,6657.720357142857,4239.060357142857,0.0,0.0,0.0,557.1107142857143,555.8367857142857,3.0,2.0,448.60714285714283,448.60714285714283,285.7142857142857,0.0,160.71428571428572,4.0,4.0,1.0,0.0,2.0,2.5581545865599407
593,1,42,169,1,6.0,79.0,2.0,2.0,5.0,1.4807142857142856,0.0,0.0,0.0,0.0,0.0,459.7996428571428,459.7996428571428,2.0,2.0,1142.6285714285714,1142.6285714285714,0.0,164.09285714285716,975.1428571428571,9.0,9.0,0.0,3.0,5.0,4.682980856931232
525,1,31,54,1,1.0,4.0,2.0,2.0,5.0,0.3882142857142857,3845.991785714286,31884.509285714284,0.0,0.0,0.0,442.7532142857143,442.21964285714284,4.0,3.0,881.2857142857143,881.2857142857143,357.14285714285717,0.0,519.75,6.0,6.0,1.0,0.0,4.0,3.773355907079025
380,0,37,176,1,6.0,79.0,2.0,2.0,5.0,2804.529285714286,0.0,0.0,0.0,0.0,0.0,390.2275,390.2275,2.0,2.0,0.8928571428571429,0.8928571428571429,0.0,0.0,0.0,1.0,1.0,0.0,0.0,0.0,5.3399342788141535
33,1,71,150,1,6.0,79.0,2.0,2.0,5.0,18635.575357142858,0.0,0.0,0.0,0.0,0.0,730.5721428571429,730.5721428571429,5.0,5.0,635.842857142857,635.842857142857,139.28571428571428,56.73571428571428,436.42857142857144,13.0,13.0,2.0,4.0,6.0,2.792373607773962
821,1,77,61,3,1.0,79.0,2.0,2.0,5.0,1054.2371428571428,8.158928571428572,0.0,0.0,0.0,0.0,2121.826071428571,2116.4657142857145,4.0,3.0,985.9717857142857,985.9717857142857,603.5714285714286,212.29464285714286,149.17714285714285,28.0,28.0,5.0,16.0,6.0,1.2380044883162151
1111,0,23,145,1,1.0,79.0,2.0,2.0,5.0,65.30785714285715,10105.829642857143,0.0,0.0,0.0,0.0,1423.4599999999998,1420.7310714285716,4.0,3.0,817.3735714285714,817.3735714285714,214.28571428571428,470.695,130.10714285714286,14.0,14.0,1.0,10.0,2.0,4.589039856215799
1347,1,23,70,1,6.0,79.0,1.0,2.0,5.0,11238.1775,0.0,0.0,118.44964285714286,0.0,0.0,403.5607142857143,403.5607142857143,4.0,4.0,425.9642857142857,425.9642857142857,357.14285714285717,0.0,65.42857142857143,8.0,8.0,3.0,0.0,4.0,3.5728399373121387
335,1,50,138,1,6.0,79.0,2.0,2.0,5.0,157.92392857142858,0.0,0.0,0.0,0.0,0.0,428.5753571428572,428.5753571428572,4.0,4.0,840.7428571428571,840.7428571428571,107.14285714285714,403.59999999999997,327.7142857142857,15.0,15.0,2.0,7.0,5.0,3.6336644209319604
1291,0,33,226,1,1.0,3.0,1.0,2.0,5.0,1728.6575,5836.790714285715,36624.948214285716,0.0,0.0,0.0,2145.388214285714,1787.6842857142858,7.0,5.0,2074.0035714285714,2074.0035714285714,642.8571428571429,300.4321428571429,57.142857142857146,15.0,15.0,2.0,7.0,3.0,7.185937251623121
575,0,28,151,1,6.0,79.0,2.0,2.0,5.0,765.9475,0.0,0.0,0.0,0.0,0.0,1357.1474999999998,1357.1474999999998,4.0,4.0,2039.2332142857142,2039.2332142857142,1821.4285714285713,88.26892857142857,117.35714285714286,32.0,32.0,21.0,7.0,1.0,8.846889315486298
73,1,87,163,1,1.0,1.0,1.0,2.0,5.0,179.35714285714286,21.01607142857143,53571.42857142857,0.0,0.0,0.0,1283.6885714285713,533.3767857142857,6.0,3.0,1053.6,1053.5960714285713,0.0,0.0,304.51642857142855,4.0,3.0,0.0,0.0,2.0,2.5533075781895893
1403,0,4,151,1,1.0,8.0,2.0,2.0,5.0,4444.1849999999995,27030.265714285713,0.0,0.0,0.0,0.0,731.8746428571429,714.3010714285714,5.0,2.0,454.2142857142857,454.2142857142857,0.0,0.0,454.2142857142857,2.0,2.0,0.0,0.0,2.0,5.850134116378623
503,0,32,73,1,6.0,79.0,2.0,2.0,5.0,1175.7549999999999,0.0,0.0,0.0,0.0,0.0,771.4689285714286,771.4689285714286,3.0,3.0,673.8928571428571,673.8928571428571,392.85714285714283,0.0,278.42857142857144,11.0,11.0,4.0,0.0,4.0,3.870087559337574
348,1,27,253,1,1.0,79.0,1.0,2.0,1.0,1054.365,12127.589642857143,0.0,0.0,0.0,6622.200357142857,922.2064285714285,811.3239285714286,3.0,2.0,891.1835714285714,881.9692857142857,0.0,39.39785714285715,705.5714285714286,19.0,17.0,0.0,2.0,13.0,7.748060863622696
955,0,19,62,1,6.0,79.0,2.0,2.0,5.0,3131.2239285714286,0.0,0.0,0.0,0.0,0.0,250.0007142857143,250.0007142857143,2.0,2.0,246.52857142857144,246.52857142857144,0.0,0.0,129.64285714285714,6.0,6.0,0.0,0.0,3.0,3.5110290793077166
47,1,45,229,1,1.0,5.0,2.0,2.0,5.0,622.2275,1537.0542857142857,0.0,0.0,0.0,0.0,15.823571428571428,0.10035714285714285,2.0,1.0,1060.3060714285714,1060.3060714285714,0.0,6.073928571428572,1053.375,22.0,22.0,0.0,2.0,19.0,5.202844531477984
1502,1,17,34,1,6.0,79.0,1.0,1.0,5.0,711.0532142857144,0.0,0.0,558.3321428571428,408.36892857142857,0.0,1280.1060714285716,901.0057142857142,9.0,3.0,1340.8853571428572,1101.5353571428573,214.28571428571428,290.2785714285714,436.0357142857143,34.0,16.0,3.0,19.0,5.0,1.1797108145257607
1427,0,4,179,1,1.0,79.0,2.0,2.0,5.0,6.552142857142857,19861.2,0.0,0.0,0.0,0.0,4.249642857142857,0.00035714285714285714,2.0,1.0,0.8928571428571429,0.8928571428571429,0.0,0.0,0.0,1.0,1.0,0.0,0.0,0.0,6.910550517183622
961,0,8,154,1,6.0,79.0,2.0,2.0,5.0,251.33607142857142,0.0,0.0,0.0,0.0,0.0,125.00035714285715,125.00035714285715,2.0,2.0,128.9857142857143,128.9857142857143,0.0,0.0,0.0,3.0,3.0,0.0,0.0,0.0,6.380897453515856
578,0,49,92,1,6.0,79.0,2.0,2.0,5.0,4781.011071428571,0.0,0.0,0.0,0.0,0.0,1145.6192857142858,1145.6192857142858,2.0,2.0,1598.8457142857144,1598.8457142857144,567.8571428571429,603.9885714285714,427.0,19.0,19.0,2.0,12.0,5.0,2.8375226889805436
1467,0,40,115,2,1.0,79.0,1.0,2.0,5.0,5013.776071428571,6003.515357142857,0.0,1568.8796428571427,0.0,0.0,2383.0489285714284,2379.113571428571,7.0,6.0,3810.343571428571,2238.915,464.2857142857143,893.0221428571429,881.6071428571429,33.0,31.0,3.0,19.0,9.0,7.398169315628334
95,1,35,151,1,6.0,79.0,1.0,2.0,1.0,3662.217857142857,0.0,0.0,0.0,0.0,2812.0667857142857,1808.9675,1395.1942857142858,18.0,13.0,2289.280714285714,1895.1942857142858,1214.2857142857142,0.0,60.392857142857146,26.0,17.0,6.0,0.0,2.0,8.267499397358199
192,0,61,57,1,2.0,4.0,2.0,2.0,5.0,5.295357142857143,12783.565,367.85714285714283,0.0,0.0,0.0,20.7,0.02392857142857143,3.0,1.0,0.0,0.0,0.0,0.0,0.0,0.0,0.0,0.0,0.0,0.0,1.3011052052163163
679,0,39,71,1,2.0,79.0,2.0,2.0,5.0,0.0,28.658214285714283,0.0,0.0,0.0,0.0,2622.0071428571428,2608.217857142857,4.0,3.0,2848.217857142857,2848.217857142857,714.2857142857143,841.0749999999999,1290.357142857143,16.0,16.0,3.0,3.0,8.0,4.006369177455796
730,1,59,38,1,6.0,79.0,1.0,2.0,5.0,331.7296428571429,0.0,0.0,0.0,0.0,0.0,654.3382142857143,654.3382142857143,3.0,3.0,323.13178571428574,323.13178571428574,64.28571428571429,0.0,256.66749999999996,4.0,4.0,1.0,0.0,2.0,0.12432773861816092
22,1,54,0,1,6.0,79.0,2.0,2.0,5.0,2492.1467857142857,0.0,0.0,0.0,0.0,0.0,2423.411071428571,2423.411071428571,7.0,7.0,3587.0782142857142,3587.0782142857142,1392.6821428571427,466.84000000000003,1273.107142857143,29.0,29.0,4.0,12.0,9.0,1.9426740953664188
327,1,73,177,1,2.0,79.0,1.0,2.0,5.0,5811.818571428572,1796.83,0.0,0.0,0.0,0.0,29709.153214285714,17958.529285714285,8.0,5.0,30555.357500000002,16269.643214285714,3457.1428571428573,45.892857142857146,1015.1342857142856,20.0,18.0,3.0,3.0,7.0,12.33649413565272
1534,1,38,126,2,2.0,79.0,2.0,2.0,5.0,6300.916785714287,26708.332857142854,0.0,0.0,0.0,0.0,173.77,164.52642857142857,5.0,4.0,158.0,158.0,0.0,0.0,143.71428571428572,6.0,6.0,0.0,0.0,5.0,4.583952743458405
775,1,40,151,2,2.0,1.0,1.0,2.0,1.0,116.17357142857144,3774.253928571429,579084.1078571428,0.0,0.0,277.0864285714286,8126.133928571428,3868.279285714286,39.0,24.0,8018.566785714285,3906.680714285714,342.85714285714283,203.72678571428574,1166.0475000000001,57.0,27.0,2.0,5.0,10.0,15.845300356117399
1079,1,37,68,1,6.0,79.0,2.0,2.0,5.0,4314.886428571429,0.0,0.0,0.0,0.0,0.0,281.8128571428571,281.8128571428571,2.0,2.0,0.0,0.0,0.0,0.0,0.0,0.0,0.0,0.0,0.0,0.0,2.6329797606989027
298,1,48,221,1,2.0,3.0,1.0,1.0,5.0,18.739642857142858,71.73214285714286,0.0,0.0,0.0,0.0,3289.7910714285713,2512.621071428571,14.0,6.0,3704.054285714286,2545.3492857142855,321.42857142857144,739.4964285714286,1384.5885714285716,24.0,19.0,1.0,3.0,10.0,5.028891610969465
279,1,22,135,3,6.0,79.0,1.0,2.0,5.0,937.21,0.0,0.0,0.0,0.0,0.0,0.0035714285714285718,0.0035714285714285718,1.0,1.0,199.92857142857142,199.92857142857142,0.0,0.0,0.0,3.0,3.0,0.0,0.0,0.0,6.0820446420445595
1179,1,68,177,1,6.0,79.0,1.0,2.0,1.0,0.00035714285714285714,0.0,0.0,0.0,0.0,2190.5910714285715,3125.2357142857145,2350.914285714286,37.0,32.0,3188.3992857142853,2350.914285714286,428.57142857142856,162.2607142857143,970.6428571428571,66.0,37.0,6.0,7.0,17.0,7.765277945451752
1470,1,33,175,2,1.0,79.0,1.0,2.0,5.0,0.0,3250.753928571429,0.0,0.0,0.0,0.0,1295.3835714285713,1295.3314285714284,8.0,7.0,1296.675,1296.675,0.0,155.55214285714285,1137.3014285714285,18.0,18.0,0.0,5.0,12.0,5.365366203649562
450,0,76,29,1,6.0,79.0,2.0,2.0,5.0,2.8578571428571427,0.0,0.0,0.0,0.0,0.0,223.5725,223.5725,4.0,4.0,474.2421428571429,474.2421428571429,142.12321428571428,178.3867857142857,152.875,15.0,15.0,8.0,2.0,1.0,0.9810396403002337
1113,0,58,15,1,6.0,79.0,1.0,2.0,5.0,9.98,0.0,0.0,293.1821428571429,0.0,0.0,253.5925,253.5925,2.0,2.0,712.5192857142857,712.5192857142857,89.28571428571429,199.87642857142856,420.85714285714283,18.0,18.0,2.0,6.0,8.0,-0.047450254550728654
1163,1,36,152,1,6.0,79.0,2.0,2.0,5.0,4143.043571428571,0.0,0.0,0.0,0.0,0.0,657.1614285714286,657.1614285714286,3.0,3.0,728.9821428571429,728.9821428571429,321.42857142857144,26.232142857142858,368.5357142857143,9.0,9.0,2.0,3.0,2.0,4.878798717457115
1115,1,31,6,1,6.0,79.0,2.0,2.0,5.0,4069.934285714286,0.0,0.0,0.0,0.0,0.0,0.00035714285714285714,0.00035714285714285714,1.0,1.0,1.9642857142857142,1.9642857142857142,0.0,0.0,0.0,1.0,1.0,0.0,0.0,0.0,1.4233964837788564
1316,0,63,158,1,1.0,79.0,1.0,1.0,5.0,2145.81,5861.004642857143,0.0,0.0,43.32142857142857,0.0,2713.495,2665.039285714286,4.0,2.0,2985.4235714285714,2874.7678571428573,400.0,507.8164285714286,2029.25,41.0,39.0,4.0,26.0,10.0,0.46386370432582685
1592,0,70,73,3,6.0,79.0,2.0,2.0,5.0,71.61821428571429,0.0,0.0,0.0,0.0,0.0,0.0,0.0,0.0,0.0,4.107142857142857,4.107142857142857,0.0,0.0,0.0,1.0,1.0,0.0,0.0,0.0,3.310925113623111
300,0,5,87,1,6.0,79.0,2.0,2.0,5.0,0.0,0.0,0.0,0.0,0.0,0.0,0.012857142857142857,0.012857142857142857,1.0,1.0,84.85714285714286,84.85714285714286,0.0,0.0,84.64285714285714,2.0,2.0,0.0,0.0,1.0,4.980149201350532
1292,0,47,151,1,6.0,79.0,2.0,2.0,5.0,244.81642857142856,0.0,0.0,0.0,0.0,0.0,25.019642857142856,25.019642857142856,2.0,2.0,2178.3535714285713,2178.3535714285713,14.285714285714286,20.139285714285712,2142.8571428571427,6.0,6.0,2.0,2.0,1.0,5.8319606312527705
686,1,57,51,1,6.0,79.0,2.0,2.0,5.0,1146.879642857143,0.0,0.0,0.0,0.0,0.0,513.3592857142856,513.3592857142856,3.0,3.0,496.73999999999995,496.73999999999995,0.0,0.0,119.21857142857142,7.0,7.0,0.0,0.0,5.0,1.2300880250511566
884,0,32,149,1,6.0,79.0,1.0,2.0,5.0,2250.3082142857143,0.0,0.0,0.0,0.0,0.0,203.2207142857143,202.70107142857142,8.0,7.0,1030.3964285714285,827.6982142857142,0.0,0.0,822.9285714285714,22.0,16.0,0.0,0.0,14.0,4.916328088626631
1268,0,23,179,1,6.0,79.0,2.0,2.0,5.0,491.3907142857143,0.0,0.0,0.0,0.0,0.0,0.015,0.015,1.0,1.0,1.9642857142857142,1.9642857142857142,0.0,0.0,0.0,1.0,1.0,0.0,0.0,0.0,6.211786200236382
632,1,26,173,2,6.0,79.0,1.0,2.0,5.0,592.0878571428572,0.0,0.0,0.0,0.0,0.0,3521.7135714285714,2347.999642857143,21.0,16.0,3537.9989285714287,2347.999642857143,142.85714285714286,0.0,957.1428571428571,26.0,15.0,2.0,0.0,3.0,8.048700921545986
147,1,25,176,1,6.0,79.0,2.0,2.0,5.0,125.5625,0.0,0.0,0.0,0.0,0.0,542.9378571428572,542.9378571428572,4.0,4.0,205.71428571428572,205.71428571428572,17.857142857142858,2.142857142857143,185.71428571428572,6.0,6.0,1.0,1.0,4.0,5.767419528545197
1190,0,26,64,1,6.0,79.0,2.0,2.0,5.0,53.385714285714286,0.0,0.0,0.0,0.0,0.0,575.0003571428572,575.0003571428572,9.0,9.0,575.0,575.0,575.0,0.0,0.0,8.0,8.0,8.0,0.0,0.0,6.0791803774166535
922,0,26,209,1,6.0,79.0,2.0,2.0,5.0,1963.8014285714287,0.0,0.0,0.0,0.0,0.0,0.01892857142857143,0.01892857142857143,1.0,1.0,4.289285714285714,4.289285714285714,0.0,1.7892857142857144,0.0,3.0,3.0,0.0,1.0,0.0,6.531682530307066
241,0,30,12,1,6.0,79.0,2.0,2.0,5.0,170.8567857142857,0.0,0.0,0.0,0.0,0.0,285.75928571428574,285.75928571428574,2.0,2.0,0.0,0.0,0.0,0.0,0.0,0.0,0.0,0.0,0.0,0.0,2.0964883521046054
582,1,57,65,1,6.0,79.0,2.0,2.0,5.0,445.6714285714285,0.0,0.0,0.0,0.0,0.0,0.005357142857142857,0.005357142857142857,1.0,1.0,0.005,0.005,0.0,0.0,0.005,1.0,1.0,0.0,0.0,1.0,1.5565243730718537
408,1,35,181,1,1.0,79.0,1.0,2.0,5.0,4133.402142857142,0.0017857142857142859,0.0,0.0,0.0,0.0,12768.308214285715,12662.987142857144,30.0,27.0,16528.66642857143,16528.66642857143,714.2857142857143,3335.426071428571,12473.27607142857,54.0,54.0,2.0,19.0,31.0,9.394634229224112
284,1,66,23,1,6.0,79.0,2.0,2.0,5.0,2505.5635714285713,0.0,0.0,0.0,0.0,0.0,1650.6417857142858,1650.6417857142858,2.0,2.0,1661.7675,1661.7675,175.0,547.9825,597.5714285714286,20.0,20.0,1.0,9.0,7.0,-0.8034593041262614
245,1,26,183,1,6.0,79.0,2.0,2.0,5.0,284.3885714285714,0.0,0.0,0.0,0.0,0.0,519.7157142857143,519.7157142857143,3.0,3.0,963.2392857142858,963.2392857142858,857.1428571428571,103.91785714285713,0.0,14.0,14.0,3.0,9.0,0.0,6.5331791790667895
1376,0,20,36,1,6.0,79.0,2.0,2.0,1.0,123.98214285714286,0.0,0.0,0.0,0.0,2953.8125,162.99428571428572,92.8575,3.0,2.0,95.39285714285714,93.60714285714286,0.0,0.0,0.0,3.0,2.0,0.0,0.0,0.0,4.14200232216534
1025,1,55,35,1,6.0,79.0,1.0,2.0,2.0,5558.475357142857,0.0,0.0,707.3932142857142,0.0,10121.470714285713,1650.4264285714287,1607.6517857142858,6.0,5.0,2203.4525,2203.4525,553.5714285714286,339.72035714285715,545.5714285714286,22.0,22.0,4.0,9.0,5.0,5.350592914052253
600,1,50,150,1,1.0,4.0,2.0,2.0,5.0,1189.3225,8771.733571428571,28004.9075,0.0,0.0,0.0,1441.3821428571428,515.5107142857142,17.0,8.0,1421.702142857143,1392.5107142857144,214.28571428571428,105.925,35.714285714285715,21.0,12.0,2.0,4.0,1.0,5.121592737530001
1500,0,33,15,1,6.0,79.0,1.0,2.0,5.0,90.45321428571428,0.0,0.0,0.0,0.0,0.0,0.0007142857142857143,0.0007142857142857143,1.0,1.0,0.0,0.0,0.0,0.0,0.0,0.0,0.0,0.0,0.0,0.0,1.2469579219579079
809,1,30,157,1,6.0,79.0,2.0,2.0,1.0,16.62392857142857,0.0,0.0,0.0,0.0,3295.807142857143,1156.069642857143,1053.537857142857,4.0,3.0,1444.089642857143,1434.589642857143,857.1428571428571,372.2682142857143,44.642857142857146,30.0,28.0,3.0,20.0,2.0,5.463655119376366
1012,0,23,99,1,6.0,79.0,2.0,2.0,5.0,2.7375000000000003,0.0,0.0,0.0,0.0,0.0,671.2157142857143,671.2157142857143,2.0,2.0,671.6428571428571,671.6428571428571,446.42857142857144,0.0,221.60714285714286,5.0,5.0,1.0,0.0,3.0,4.947207169803662
384,1,23,160,1,6.0,79.0,2.0,2.0,5.0,2418.8767857142857,0.0,0.0,0.0,0.0,0.0,87.50035714285715,87.50035714285715,2.0,2.0,88.44392857142857,88.44392857142857,50.0,37.3725,1.0714285714285714,8.0,8.0,2.0,5.0,1.0,5.235009028947025
