Client,Sex,Age,Tenure,Count_CA,Count_SA,Count_MF,Count_OVD,Count_CC,Count_CL,ActBal_CA,ActBal_SA,ActBal_MF,ActBal_OVD,ActBal_CC,ActBal_CL,VolumeCred,VolumeCred_CA,TransactionsCred,TransactionsCred_CA,VolumeDeb,VolumeDeb_CA,VolumeDebCash_Card,VolumeDebCashless_Card,VolumeDeb_PaymentOrder,TransactionsDeb,TransactionsDeb_CA,TransactionsDebCash_Card,TransactionsDebCashless_Card,TransactionsDeb_PaymentOrder,Predicted_MF_Revenue
1473,1,54,34,1,1.0,79.0,2.0,1.0,1.0,29.024285714285714,14447.801428571429,0.0,0.0,653.91,1132.590357142857,1787.1275,939.1289285714286,14.0,5.0,3875.1378571428572,3794.5807142857143,357.14285714285717,444.59749999999997,2076.785714285714,48.0,38.0,1.0,26.0,11.0,-4.730531983704937
36,0,49,263,1,1.0,2.0,2.0,2.0,5.0,60.99785714285714,1912.6325,3697.8375,0.0,0.0,0.0,7155.630357142857,7142.885,4.0,2.0,0.0,0.0,0.0,0.0,0.0,0.0,0.0,0.0,0.0,0.0,13.827397423637553
390,1,50,67,1,1.0,79.0,2.0,2.0,5.0,442.34607142857146,0.39571428571428574,5468.865357142858,0.0,0.0,0.0,1839.9928571428572,1836.7453571428573,6.0,4.0,701.9875000000001,701.9875000000001,89.28571428571429,213.9517857142857,397.14285714285717,38.0,38.0,2.0,29.0,6.0,3.123926671023025
416,0,44,95,1,6.0,79.0,2.0,2.0,5.0,906.5260714285714,0.0,0.0,0.0,0.0,0.0,5704.231785714285,5704.231785714285,5.0,5.0,185.39285714285714,185.39285714285714,28.571428571428573,156.82142857142858,0.0,25.0,25.0,4.0,21.0,0.0,12.434473931710551
883,0,34,67,1,6.0,79.0,2.0,2.0,5.0,236.21785714285716,0.0,0.0,0.0,0.0,0.0,354.6435714285714,354.6435714285714,4.0,4.0,341.8307142857143,341.8307142857143,257.14285714285717,0.0,82.18785714285715,7.0,7.0,2.0,0.0,4.0,1.7951435082710592
547,0,52,31,1,1.0,1.0,2.0,2.0,5.0,4446.794642857143,1253.6607142857142,33004.46142857143,0.0,0.0,0.0,528.9292857142857,526.3135714285714,3.0,2.0,325.9857142857143,325.9857142857143,0.0,102.09285714285714,222.82142857142858,11.0,11.0,0.0,2.0,8.0,0.20962349845522654
1182,1,47,86,1,6.0,79.0,1.0,1.0,5.0,3044.5989285714286,0.0,0.0,0.0,512.8,0.0,2450.1746428571428,1928.6564285714285,13.0,7.0,2266.7289285714287,1787.4875,89.28571428571429,753.8196428571429,911.2882142857143,53.0,18.0,1.0,34.0,13.0,8.880865755666889
1484,1,39,0,1,6.0,79.0,2.0,2.0,5.0,0.0,0.0,0.0,0.0,0.0,0.0,1355.0885714285716,1355.0885714285716,5.0,5.0,768.625,768.625,107.14285714285714,302.44642857142856,357.7857142857143,23.0,23.0,1.0,16.0,5.0,3.5999583096331955
875,1,43,124,1,6.0,79.0,2.0,2.0,5.0,50.341071428571425,0.0,0.0,0.0,0.0,0.0,362.8582142857143,362.8582142857143,3.0,3.0,362.0364285714286,362.0364285714286,217.85714285714286,50.28642857142857,92.46428571428571,19.0,19.0,7.0,7.0,4.0,3.9333941049263137
725,0,31,74,1,6.0,20.0,2.0,2.0,5.0,374.2242857142857,0.0,0.0,0.0,0.0,0.0,1156.5575000000001,1156.5575000000001,6.0,6.0,0.0,0.0,0.0,0.0,0.0,0.0,0.0,0.0,0.0,0.0,4.796571974783115
1469,0,32,15,1,1.0,4.0,2.0,2.0,5.0,32.54357142857143,9686.63107142857,0.0,0.0,0.0,0.0,560.1278571428571,555.5128571428571,4.0,2.0,0.0,0.0,0.0,0.0,0.0,0.0,0.0,0.0,0.0,0.0,1.188706572847053
203,0,57,181,1,6.0,79.0,2.0,2.0,5.0,10.772857142857143,0.0,0.0,0.0,0.0,0.0,503.57464285714286,503.57464285714286,2.0,2.0,556.3928571428571,556.3928571428571,553.5714285714286,0.0,0.0,11.0,11.0,6.0,0.0,0.0,1.2988900948400128
477,1,32,152,2,2.0,79.0,2.0,2.0,5.0,5419.339999999999,7352.996785714286,0.0,0.0,0.0,0.0,59.03642857142857,59.03642857142857,2.0,2.0,90.25,90.25,0.0,0.0,90.25,2.0,2.0,0.0,0.0,2.0,1.1888445850672338
907,1,67,193,1,6.0,79.0,2.0,2.0,5.0,778.5221428571429,0.0,0.0,0.0,0.0,0.0,196.43178571428572,196.43178571428572,3.0,3.0,97.5,97.5,0.0,0.0,97.5,5.0,5.0,0.0,0.0,5.0,5.200911122742892
187,1,55,164,1,1.0,25.0,2.0,2.0,5.0,923.9675,456.4010714285714,0.0,0.0,0.0,0.0,1531.1332142857143,1518.6160714285713,6.0,4.0,762.4703571428571,762.4703571428571,160.71428571428572,140.48214285714286,302.9596428571429,24.0,24.0,3.0,6.0,10.0,2.394077542636778
527,0,17,22,1,6.0,79.0,2.0,2.0,5.0,1780.251785714286,0.0,0.0,0.0,0.0,0.0,677.6457142857143,677.6457142857143,2.0,2.0,773.1285714285714,773.1285714285714,535.7142857142857,32.15,0.0,25.0,25.0,12.0,3.0,0.0,-1.3717311297151147
1552,1,50,89,1,6.0,79.0,2.0,2.0,5.0,1771.4667857142856,0.0,0.0,0.0,0.0,0.0,500.0017857142857,500.0017857142857,2.0,2.0,493.1217857142857,493.1217857142857,0.0,306.3360714285714,183.39285714285714,9.0,9.0,0.0,4.0,4.0,3.7159727723674734
130,0,60,147,1,6.0,79.0,1.0,2.0,5.0,12.750357142857142,0.0,0.0,681.5203571428572,0.0,0.0,1922.2571428571428,1339.5464285714286,24.0,22.0,1958.1642857142856,1350.2607142857144,185.71428571428572,85.37142857142858,496.0357142857143,45.0,24.0,6.0,11.0,3.0,3.5611565845274082
278,1,36,56,2,6.0,79.0,2.0,2.0,5.0,272.3232142857143,0.0,0.0,0.0,0.0,0.0,267.8614285714286,267.8614285714286,3.0,3.0,344.25,344.25,0.0,0.0,240.67857142857142,4.0,4.0,0.0,0.0,3.0,2.206118200012132
86,1,36,31,1,6.0,79.0,2.0,2.0,5.0,34.32214285714286,0.0,0.0,0.0,0.0,0.0,9319.197142857143,9319.197142857143,4.0,4.0,1086.5821428571428,1086.5821428571428,460.7142857142857,0.0,203.67857142857142,15.0,15.0,6.0,0.0,5.0,14.941870495789578
1353,1,29,83,1,6.0,79.0,2.0,1.0,5.0,1257.3753571428572,0.0,0.0,0.0,30.06607142857143,0.0,298.28035714285716,295.92892857142857,6.0,2.0,298.5475,296.1903571428571,0.0,0.0,292.85714285714283,7.0,3.0,0.0,0.0,1.0,3.860804100517883
1104,0,79,213,1,6.0,79.0,1.0,1.0,1.0,0.0,0.0,0.0,0.0,1.1785714285714286,120.67607142857142,4778.456428571429,4118.971071428571,40.0,28.0,4534.124285714285,4052.7210714285716,1650.0,534.75,1150.2857142857142,102.0,69.0,7.0,34.0,18.0,1.2790035770740955
167,1,73,92,1,6.0,79.0,2.0,2.0,5.0,3446.8114285714287,0.0,0.0,0.0,0.0,0.0,232.86392857142854,232.86392857142854,3.0,3.0,170.625,170.625,42.857142857142854,90.73214285714286,37.035714285714285,15.0,15.0,3.0,8.0,4.0,5.058958229414316
42,1,23,4,1,6.0,12.0,2.0,2.0,5.0,875.3714285714286,0.0,0.0,0.0,0.0,0.0,643.1878571428571,643.1878571428571,4.0,4.0,546.6428571428571,546.6428571428571,178.57142857142858,68.53571428571429,296.07142857142856,9.0,9.0,1.0,1.0,6.0,1.7744392690482336
1258,1,63,48,1,1.0,7.0,1.0,2.0,5.0,147.04892857142858,357.92214285714283,0.0,0.0,0.0,0.0,682.8703571428571,669.5614285714286,16.0,12.0,1148.0271428571427,996.717857142857,428.57142857142856,0.0,554.8403571428572,20.0,15.0,4.0,0.0,8.0,3.728812787861519
131,1,47,92,1,6.0,79.0,2.0,2.0,5.0,898.485,0.0,0.0,0.0,0.0,0.0,23.214285714285715,23.214285714285715,1.0,1.0,24.321428571428573,24.321428571428573,0.0,0.0,22.142857142857142,3.0,3.0,0.0,0.0,2.0,3.196307943307815
287,1,32,104,1,6.0,79.0,2.0,2.0,5.0,1681.3917857142858,0.0,0.0,0.0,0.0,0.0,541.4475,541.4475,5.0,5.0,471.84785714285715,471.84785714285715,0.0,173.45464285714283,296.96464285714285,24.0,24.0,0.0,20.0,3.0,3.1015556693150126
1492,1,56,200,1,6.0,2.0,2.0,2.0,5.0,6.057857142857143,0.0,9021.25107142857,0.0,0.0,0.0,482.64464285714286,482.64464285714286,2.0,2.0,552.3214285714286,552.3214285714286,410.7142857142857,0.0,138.57142857142858,8.0,8.0,2.0,0.0,5.0,2.535440562370855
1413,1,31,52,1,1.0,79.0,2.0,2.0,5.0,237.29607142857142,56187.43392857142,0.0,0.0,0.0,0.0,6.4332142857142856,0.004642857142857143,2.0,1.0,143.16892857142858,143.16892857142858,0.0,122.91892857142857,20.25,15.0,15.0,0.0,14.0,1.0,0.46450648376280634
69,1,41,17,1,6.0,79.0,2.0,2.0,5.0,1909.81,0.0,0.0,0.0,0.0,0.0,3851.0192857142856,3851.0192857142856,3.0,3.0,988.4967857142857,988.4967857142857,135.71428571428572,199.08214285714286,653.7003571428571,21.0,21.0,2.0,10.0,9.0,7.35615151999829
880,0,49,64,1,6.0,79.0,2.0,2.0,5.0,70.54857142857142,0.0,0.0,0.0,0.0,0.0,8.143214285714285,8.143214285714285,2.0,2.0,42.42857142857143,42.42857142857143,17.857142857142858,24.571428571428573,0.0,9.0,9.0,2.0,7.0,0.0,2.824141250117348
993,0,19,38,1,1.0,3.0,2.0,2.0,5.0,2.045,5401.167142857143,0.0,0.0,0.0,0.0,2443.7292857142857,2437.029285714286,7.0,6.0,3551.0107142857146,3551.0107142857146,0.0,438.80321428571426,3108.8146428571426,25.0,25.0,0.0,12.0,12.0,-2.1861439395787263
718,0,2,13,1,6.0,79.0,1.0,2.0,1.0,273.42857142857144,0.0,0.0,215.49,0.0,1057.9571428571428,1075.4146428571428,826.0521428571428,13.0,10.0,873.9603571428571,826.0521428571428,382.14285714285717,0.0,35.714285714285715,24.0,15.0,3.0,0.0,1.0,-1.1796468308418122
935,0,46,49,1,6.0,79.0,1.0,2.0,5.0,2430.9746428571425,0.0,0.0,0.0,0.0,0.0,957.4142857142857,643.4035714285714,13.0,11.0,977.4142857142857,643.4035714285714,171.42857142857142,0.0,153.71428571428572,21.0,11.0,3.0,0.0,5.0,4.276272661994675
735,1,23,53,1,6.0,79.0,2.0,2.0,5.0,188.99464285714288,0.0,0.0,0.0,0.0,0.0,326.2867857142857,326.2867857142857,6.0,6.0,339.9357142857143,339.9357142857143,214.28571428571428,104.75714285714285,16.5,20.0,20.0,6.0,8.0,1.0,2.276644241704899
178,1,20,46,1,1.0,79.0,2.0,2.0,5.0,86.61035714285715,0.11035714285714285,0.0,0.0,0.0,0.0,9.494285714285713,0.06535714285714286,2.0,1.0,1414.7142857142858,1414.7142857142858,0.0,0.0,1414.7142857142858,4.0,4.0,0.0,0.0,4.0,-1.7910832369761343
757,0,50,108,1,6.0,79.0,2.0,2.0,5.0,1202.2350000000001,0.0,0.0,0.0,0.0,0.0,1183.3957142857143,1183.3957142857143,5.0,5.0,1117.882142857143,1117.882142857143,535.7142857142857,0.0,363.89285714285717,7.0,7.0,2.0,0.0,2.0,1.4037313358146868
915,1,59,180,1,6.0,1.0,1.0,2.0,5.0,33.43214285714286,0.0,13680.277142857143,175.59964285714287,0.0,0.0,558.9314285714286,558.9314285714286,2.0,2.0,664.5357142857143,664.5357142857143,178.57142857142858,0.0,485.10714285714283,10.0,10.0,1.0,0.0,8.0,4.632917473551728
1496,0,28,103,1,6.0,79.0,2.0,1.0,5.0,3574.404642857143,0.0,0.0,0.0,-8.283214285714285,0.0,16998.319642857143,16282.312142857143,11.0,5.0,15672.702857142856,14746.005714285713,596.4285714285714,936.6075,13419.370357142858,84.0,22.0,3.0,60.0,15.0,8.690775707935703
1317,0,39,176,1,6.0,79.0,2.0,2.0,5.0,435.1732142857143,0.0,0.0,0.0,0.0,0.0,1077.4371428571428,1077.4371428571428,6.0,6.0,743.3117857142857,743.3117857142857,178.57142857142858,471.5260714285714,89.82142857142857,35.0,35.0,2.0,29.0,3.0,3.266206906893026
1085,1,32,103,1,6.0,79.0,1.0,2.0,1.0,0.5360714285714285,0.0,0.0,0.0,0.0,1384.7114285714285,4011.999642857143,2849.8675,19.0,15.0,3684.0732142857146,2489.4925,850.0,310.67535714285714,134.28571428571428,34.0,21.0,4.0,8.0,4.0,3.4113163893510903
611,1,35,181,1,6.0,79.0,1.0,2.0,1.0,943.8375,0.0,0.0,0.0,0.0,2515.4192857142857,4093.2264285714286,2704.8742857142856,23.0,17.0,4105.4628571428575,2704.8742857142856,0.0,165.99428571428572,452.67857142857144,36.0,21.0,0.0,9.0,3.0,5.04705894803918
372,0,39,172,1,2.0,79.0,2.0,2.0,5.0,21493.719642857144,6884.011785714285,0.0,0.0,0.0,0.0,178.5725,178.5725,2.0,2.0,119.82142857142857,119.82142857142857,117.85714285714286,0.0,0.0,4.0,4.0,3.0,0.0,0.0,1.862742068237224
973,0,39,105,1,6.0,79.0,2.0,2.0,5.0,1633.8282142857145,0.0,0.0,0.0,0.0,0.0,0.0010714285714285715,0.0010714285714285715,1.0,1.0,23.142857142857142,23.142857142857142,0.0,23.142857142857142,0.0,1.0,1.0,0.0,1.0,0.0,2.5299260914727797
890,1,35,22,1,1.0,79.0,2.0,2.0,5.0,1024.4442857142856,16727.635357142855,0.0,0.0,0.0,0.0,1394.6492857142857,1394.6482142857144,5.0,4.0,1577.5071428571428,1577.5071428571428,0.0,0.0,1178.5714285714287,4.0,4.0,0.0,0.0,1.0,0.5480818088484845
767,0,58,9,1,2.0,3.0,2.0,2.0,5.0,0.0,8036.430714285714,424.18642857142856,0.0,0.0,0.0,1944.0467857142855,1942.9014285714286,5.0,4.0,3461.066071428572,1471.1553571428572,0.0,81.72678571428571,313.25,13.0,11.0,0.0,4.0,5.0,-0.6441383308497324
494,0,58,151,1,6.0,79.0,2.0,2.0,1.0,715.6910714285714,0.0,0.0,0.0,0.0,3571.4285714285716,1584.6292857142857,1482.645,4.0,3.0,1490.6535714285715,1482.332142857143,564.2857142857143,0.0,515.0357142857143,19.0,17.0,3.0,0.0,9.0,-0.8177151325196701
339,1,16,60,1,6.0,79.0,2.0,2.0,5.0,490.93142857142857,0.0,0.0,0.0,0.0,0.0,339.2864285714286,339.2864285714286,2.0,2.0,350.3075,350.3075,46.42857142857143,303.8789285714286,0.0,29.0,29.0,4.0,25.0,0.0,2.559447125504896
1230,0,45,20,1,6.0,1.0,1.0,1.0,5.0,3.1092857142857144,0.0,9198.638214285715,0.0,382.2635714285714,0.0,1845.285,1839.472857142857,31.0,26.0,2988.16,2061.4757142857143,275.0,754.9767857142857,1011.3167857142856,86.0,59.0,6.0,26.0,20.0,0.18280368935175684
1537,1,29,65,1,6.0,79.0,2.0,2.0,5.0,224.2932142857143,0.0,0.0,0.0,0.0,0.0,149.89857142857142,149.89857142857142,3.0,3.0,466.12857142857143,466.12857142857143,121.42857142857143,181.30714285714288,160.71428571428572,19.0,19.0,3.0,13.0,1.0,1.9522601690332158
1338,1,42,61,1,6.0,79.0,2.0,2.0,5.0,150.81964285714284,0.0,0.0,0.0,0.0,0.0,0.0010714285714285715,0.0010714285714285715,1.0,1.0,0.0,0.0,0.0,0.0,0.0,0.0,0.0,0.0,0.0,0.0,3.2754482456239833
1232,1,56,149,1,6.0,79.0,2.0,2.0,5.0,18.089285714285715,0.0,0.0,0.0,0.0,0.0,1209.542857142857,1209.542857142857,3.0,3.0,1338.365,1338.365,321.42857142857144,184.50785714285715,825.2857142857143,22.0,22.0,1.0,10.0,10.0,2.4668648481136697
770,1,37,80,1,6.0,79.0,2.0,2.0,5.0,1.4082142857142856,0.0,0.0,0.0,0.0,0.0,413.43,413.43,3.0,3.0,408.32142857142856,408.32142857142856,196.42857142857142,0.0,209.71428571428572,3.0,3.0,1.0,0.0,1.0,2.813619714961319
1613,1,46,45,1,6.0,79.0,2.0,2.0,5.0,676.0085714285715,0.0,0.0,0.0,0.0,0.0,1370.3625,1370.3625,4.0,4.0,1283.5189285714284,1283.5189285714284,142.85714285714286,144.0225,353.0,25.0,25.0,2.0,12.0,8.0,2.3600808622198604
911,0,22,30,1,6.0,79.0,1.0,2.0,5.0,3.257142857142857,0.0,0.0,0.0,0.0,0.0,1353.2367857142856,1353.2367857142856,4.0,4.0,2878.437142857143,2878.437142857143,696.4285714285714,644.1871428571429,1533.107142857143,40.0,40.0,3.0,20.0,15.0,-1.4169888240729804
1059,1,34,48,1,1.0,4.0,2.0,2.0,5.0,819.1517857142857,1816.0475000000001,210.35714285714286,0.0,0.0,0.0,1234.1964285714287,876.2532142857143,6.0,3.0,925.3249999999999,925.3249999999999,328.57142857142856,94.21785714285714,502.5357142857143,14.0,14.0,3.0,2.0,9.0,1.3901812117556407
901,0,41,52,1,6.0,79.0,1.0,1.0,1.0,153.9807142857143,0.0,0.0,803.7907142857142,983.7857142857143,9501.474642857142,1153.4210714285714,1079.0414285714285,15.0,8.0,1679.3971428571429,1405.4782142857143,203.57142857142858,26.785714285714285,1038.642857142857,29.0,18.0,3.0,3.0,5.0,-4.337746328135434
310,0,45,149,1,6.0,79.0,2.0,2.0,5.0,0.0,0.0,0.0,0.0,0.0,0.0,252.27428571428572,252.27428571428572,3.0,3.0,449.3639285714286,449.3639285714286,357.14285714285717,70.97107142857143,17.857142857142858,11.0,11.0,3.0,6.0,1.0,1.8910134518666624
102,1,20,172,1,6.0,79.0,1.0,2.0,5.0,48.771071428571425,0.0,0.0,114.14,0.0,0.0,4160.701071428572,2840.9796428571426,38.0,33.0,4245.904642857143,2803.675714285714,232.14285714285714,786.3367857142857,202.24964285714285,86.0,58.0,4.0,38.0,6.0,4.331203227994887
148,1,45,42,1,6.0,3.0,2.0,2.0,5.0,132.09857142857143,0.0,5560.714285714285,0.0,0.0,0.0,6043.837857142857,6043.837857142857,6.0,6.0,2378.608928571429,2378.608928571429,0.0,0.0,2366.0375,23.0,23.0,0.0,0.0,21.0,8.099230040780597
43,0,65,83,1,6.0,79.0,1.0,2.0,5.0,26315.770357142854,0.0,0.0,0.0,0.0,0.0,2230.964285714286,1716.5910714285715,22.0,18.0,2242.764642857143,1812.1853571428571,410.7142857142857,334.59785714285715,551.6428571428571,51.0,37.0,7.0,10.0,13.0,5.512383334185706
1042,1,61,83,1,6.0,79.0,1.0,2.0,5.0,13648.459642857142,0.0,0.0,0.0,0.0,0.0,1963.2210714285716,1681.1785714285713,35.0,30.0,2747.335714285714,2039.0874999999999,164.28571428571428,883.6878571428571,703.1428571428571,96.0,74.0,8.0,40.0,17.0,5.955448747364407
615,1,34,132,1,6.0,79.0,2.0,2.0,5.0,2509.531428571429,0.0,0.0,0.0,0.0,0.0,1627.3757142857141,1627.3757142857141,3.0,3.0,2374.148214285714,2374.148214285714,989.2857142857143,963.8267857142857,416.85714285714283,49.0,49.0,3.0,30.0,13.0,-1.8302233563038914
1018,1,36,51,1,6.0,79.0,2.0,2.0,1.0,1400.9367857142859,0.0,0.0,0.0,0.0,1278.5925,1703.3514285714284,1593.9664285714284,6.0,5.0,2107.729642857143,2096.1225,1332.142857142857,584.8446428571428,54.32142857142857,38.0,37.0,6.0,26.0,2.0,-2.3410367574712687
939,1,62,151,1,6.0,79.0,2.0,2.0,5.0,2181.302142857143,0.0,0.0,0.0,0.0,0.0,171.42964285714285,171.42964285714285,2.0,2.0,170.70357142857142,170.70357142857142,0.0,0.0,0.0,2.0,2.0,0.0,0.0,0.0,4.1073252102996705
801,0,44,24,1,6.0,79.0,2.0,2.0,5.0,28.571428571428573,0.0,0.0,0.0,0.0,0.0,0.0007142857142857143,0.0007142857142857143,1.0,1.0,305.575,305.575,57.142857142857146,211.28928571428574,35.714285714285715,9.0,9.0,3.0,4.0,1.0,1.8725808688721308
185,1,24,95,1,6.0,79.0,2.0,2.0,5.0,5733.328214285714,0.0,0.0,0.0,0.0,0.0,620.8582142857142,620.8582142857142,3.0,3.0,435.8285714285715,435.8285714285715,0.0,73.47142857142856,358.9642857142857,9.0,9.0,0.0,3.0,5.0,3.1703210639962007
1432,1,35,156,1,6.0,79.0,2.0,2.0,5.0,273.32785714285717,0.0,0.0,0.0,0.0,0.0,628.8253571428571,628.8253571428571,5.0,5.0,590.4992857142857,590.4992857142857,306.7857142857143,152.00142857142856,125.0,23.0,23.0,7.0,11.0,3.0,3.7795698495760828
1175,0,21,233,1,6.0,79.0,2.0,2.0,5.0,25428.11142857143,0.0,0.0,0.0,0.0,0.0,527.9296428571429,527.9296428571429,3.0,3.0,887.8178571428572,887.8178571428572,635.7142857142857,27.103571428571428,221.42857142857142,14.0,14.0,7.0,3.0,3.0,1.7696756589167857
952,0,71,165,1,6.0,79.0,2.0,2.0,1.0,72.4042857142857,0.0,0.0,0.0,0.0,1447.7096428571429,203.8225,148.1242857142857,5.0,4.0,223.39285714285714,219.42857142857142,142.85714285714286,0.0,7.142857142857143,7.0,5.0,1.0,0.0,1.0,2.296316685024449
1329,0,16,149,1,6.0,45.0,2.0,2.0,5.0,715.9089285714286,0.0,90062.94607142858,0.0,0.0,0.0,3261.152857142857,3261.152857142857,6.0,6.0,2479.685,2479.685,714.2857142857143,131.8642857142857,1628.7492857142859,32.0,32.0,3.0,8.0,20.0,0.6694403210891702
1220,1,28,53,1,1.0,79.0,1.0,1.0,5.0,1242.6432142857143,26851.724642857145,0.0,493.2075,1.4285714285714286,0.0,1324.3414285714284,966.5921428571429,39.0,33.0,1465.7285714285715,1001.2439285714287,371.42857142857144,122.82857142857142,141.21428571428572,73.0,40.0,12.0,12.0,4.0,0.8728725862059623
1399,1,24,151,1,6.0,1.0,2.0,1.0,1.0,0.0,0.0,0.0,0.0,301.11571428571426,5921.967857142858,1988.6453571428572,1632.6539285714284,14.0,4.0,1680.8153571428572,1461.6967857142859,57.142857142857146,136.56392857142856,931.2903571428571,58.0,21.0,3.0,27.0,8.0,1.7276249988755619
905,1,37,11,1,6.0,79.0,2.0,2.0,5.0,4899.0482142857145,0.0,0.0,0.0,0.0,0.0,573.8610714285714,573.8610714285714,2.0,2.0,634.8453571428571,634.8453571428571,0.0,0.0,631.4525,2.0,2.0,0.0,0.0,1.0,2.708064394565129
944,1,43,149,1,6.0,79.0,2.0,2.0,5.0,764.6896428571429,0.0,0.0,0.0,0.0,0.0,0.00035714285714285714,0.00035714285714285714,1.0,1.0,0.0,0.0,0.0,0.0,0.0,0.0,0.0,0.0,0.0,0.0,3.842648296790519
557,0,21,151,1,6.0,2.0,1.0,2.0,5.0,2815.486785714286,0.0,0.0,0.0,0.0,0.0,1101.9939285714286,910.4160714285715,15.0,13.0,1190.8760714285713,947.8539285714286,96.42857142857143,308.2610714285714,349.94357142857143,33.0,23.0,6.0,11.0,3.0,4.91884810107174
437,0,45,58,1,6.0,79.0,2.0,2.0,5.0,3.4274999999999998,0.0,0.0,0.0,0.0,0.0,1900.4896428571428,1900.4896428571428,12.0,12.0,3.392857142857143,3.392857142857143,0.0,0.0,0.0,1.0,1.0,0.0,0.0,0.0,7.728722760891724
1337,0,65,175,1,1.0,6.0,2.0,2.0,5.0,0.0,3930.255,3644.262142857143,0.0,0.0,0.0,1665.1107142857143,1654.392142857143,7.0,6.0,1297.24,1297.24,0.0,0.0,1297.24,7.0,7.0,0.0,0.0,7.0,2.9427023882857877
1135,0,67,27,1,1.0,2.0,1.0,2.0,5.0,2253.8857142857146,405.61428571428576,0.0,166.20714285714286,0.0,0.0,5500.921785714286,5499.166785714287,13.0,10.0,526.2142857142857,526.2142857142857,267.85714285714283,0.0,244.60714285714286,8.0,8.0,1.0,0.0,5.0,11.90565898920044
27,1,62,181,1,6.0,79.0,1.0,2.0,5.0,1649.98,0.0,0.0,0.0,0.0,0.0,10491.710714285715,10134.567857142858,4.0,3.0,425.0,67.85714285714286,0.0,0.0,0.0,2.0,1.0,0.0,0.0,0.0,23.52965323197088
1052,1,34,150,1,6.0,79.0,2.0,2.0,5.0,1.2785714285714285,0.0,0.0,0.0,0.0,0.0,35.714285714285715,35.714285714285715,1.0,1.0,0.0,0.0,0.0,0.0,0.0,0.0,0.0,0.0,0.0,0.0,3.599606533867749
1166,0,77,79,1,6.0,79.0,2.0,2.0,5.0,1780.152857142857,0.0,0.0,0.0,0.0,0.0,1142.8625,1142.8625,4.0,4.0,692.1785714285714,692.1785714285714,0.0,0.0,688.5714285714286,13.0,13.0,0.0,0.0,12.0,4.0584435692302385
831,1,47,111,1,6.0,1.0,2.0,2.0,5.0,1440.0525,0.0,0.0,0.0,0.0,0.0,788.0039285714286,788.0039285714286,3.0,3.0,1018.8021428571428,1018.8021428571428,0.0,0.0,1016.5164285714285,6.0,6.0,0.0,0.0,5.0,2.820344429491162
1087,1,29,34,1,1.0,18.0,2.0,2.0,5.0,0.0,0.0,3687.2599999999998,0.0,0.0,0.0,1430.577142857143,1428.5825,3.0,2.0,1508.7857142857142,80.21428571428571,0.0,80.21428571428571,0.0,2.0,1.0,0.0,1.0,0.0,1.6436548522213934
544,1,5,113,1,6.0,64.0,2.0,2.0,5.0,4808.271071428571,0.0,32990.446071428574,0.0,0.0,0.0,1226.2267857142856,1226.2267857142856,5.0,5.0,804.9799999999999,804.9799999999999,278.57142857142856,451.81857142857143,72.73285714285714,24.0,24.0,1.0,15.0,6.0,2.2139827124652345
1514,0,38,171,1,6.0,79.0,2.0,2.0,5.0,31.175,0.0,0.0,0.0,0.0,0.0,721.4407142857143,721.4407142857143,2.0,2.0,517.9628571428572,517.9628571428572,0.0,517.9628571428572,0.0,23.0,23.0,0.0,23.0,0.0,3.1611083712369483
673,1,73,116,1,2.0,1.0,1.0,1.0,5.0,2588.8382142857145,16144.002142857144,733.0685714285713,8.445,1.1785714285714286,0.0,372.6653571428571,369.8314285714286,8.0,3.0,438.57142857142856,436.2142857142857,357.14285714285717,0.0,74.28571428571429,13.0,9.0,2.0,0.0,5.0,4.979996232538826
399,1,59,152,1,6.0,79.0,2.0,2.0,5.0,451.7967857142857,0.0,0.0,0.0,0.0,0.0,0.0032142857142857142,0.0032142857142857142,1.0,1.0,0.8928571428571429,0.8928571428571429,0.0,0.0,0.0,1.0,1.0,0.0,0.0,0.0,4.037884887861975
643,1,57,123,1,6.0,4.0,2.0,2.0,5.0,2204.2185714285715,0.0,181931.54714285716,0.0,0.0,0.0,806.5024999999999,806.5024999999999,2.0,2.0,790.1071428571429,790.1071428571429,357.14285714285717,132.46428571428572,296.42857142857144,21.0,21.0,6.0,6.0,4.0,1.8760993650198852
244,1,41,162,1,6.0,79.0,2.0,2.0,5.0,5.642857142857143,0.0,0.0,0.0,0.0,0.0,270.3592857142857,270.3592857142857,3.0,3.0,402.5571428571429,402.5571428571429,0.0,104.95,292.60714285714283,14.0,14.0,0.0,5.0,7.0,2.960461842990922
790,1,30,122,1,6.0,79.0,1.0,2.0,5.0,4.027142857142858,0.0,0.0,0.0,0.0,0.0,1691.19,1691.19,5.0,5.0,1286.8228571428572,1286.8228571428572,214.28571428571428,548.0828571428572,521.0614285714286,39.0,39.0,3.0,27.0,8.0,5.5682586563626675
639,0,81,234,1,6.0,79.0,2.0,2.0,5.0,736.9435714285713,0.0,0.0,0.0,0.0,0.0,714.3896428571428,714.3896428571428,2.0,2.0,667.6071428571429,667.6071428571429,357.14285714285717,310.4642857142857,0.0,3.0,3.0,1.0,2.0,0.0,4.278975584857886
1055,1,21,10,1,6.0,79.0,2.0,2.0,5.0,838.6396428571428,0.0,0.0,0.0,0.0,0.0,7913.398571428572,7913.398571428572,5.0,5.0,1027.4178571428572,1027.4178571428572,428.57142857142856,11.678571428571429,213.53571428571428,12.0,12.0,3.0,1.0,4.0,11.953792461898598
1247,1,61,55,1,1.0,79.0,1.0,2.0,5.0,790.3917857142858,0.009642857142857144,0.0,0.0,0.0,0.0,628.2882142857143,627.0635714285714,5.0,4.0,1012.8739285714286,1012.8739285714286,357.14285714285717,274.5525,375.92857142857144,26.0,26.0,1.0,4.0,19.0,1.683206444485025
1056,0,10,159,1,6.0,79.0,2.0,2.0,5.0,283.60499999999996,0.0,0.0,0.0,0.0,0.0,0.021785714285714287,0.021785714285714287,1.0,1.0,0.8939285714285715,0.8939285714285715,0.0,0.0,0.0,1.0,1.0,0.0,0.0,0.0,1.6130210396940412
1564,0,29,175,1,6.0,79.0,1.0,2.0,5.0,45.097857142857144,0.0,0.0,531.6296428571428,0.0,0.0,679.6060714285715,519.1135714285714,23.0,18.0,701.6596428571429,506.0028571428571,139.28571428571428,122.08178571428572,83.92857142857143,41.0,27.0,6.0,14.0,1.0,4.666213461898978
34,0,48,104,1,1.0,3.0,1.0,1.0,5.0,188.60857142857142,1343.2589285714287,0.0,0.0,728.6689285714285,0.0,18889.293928571427,18134.3675,11.0,4.0,8458.406428571428,7683.438214285714,1107.142857142857,844.5753571428571,5775.094285714286,54.0,19.0,6.0,33.0,11.0,19.08386034173929
294,0,54,101,1,1.0,13.0,2.0,2.0,5.0,13.181785714285713,18834.435,0.0,0.0,0.0,0.0,1268.7489285714287,1264.4696428571428,4.0,3.0,1161.3214285714287,1161.3214285714287,535.7142857142857,0.0,623.3214285714286,7.0,7.0,1.0,0.0,5.0,-0.8073061020679138
693,0,15,54,1,6.0,79.0,1.0,2.0,5.0,2889.781785714286,0.0,0.0,0.0,0.0,0.0,1581.5092857142859,1581.5092857142859,5.0,5.0,1457.8482142857142,1457.8482142857142,292.85714285714283,443.3125,712.5357142857143,65.0,65.0,10.0,27.0,21.0,1.6563467690887963
1158,0,33,0,1,1.0,79.0,1.0,2.0,5.0,7.142857142857143,3684.8639285714285,0.0,0.0,0.0,0.0,4396.207142857143,4272.805714285714,7.0,5.0,6316.8,4945.839999999999,1250.0,0.0,3468.272857142857,21.0,19.0,1.0,0.0,15.0,-5.07936192681327
556,1,39,160,1,6.0,79.0,2.0,2.0,5.0,227.26214285714286,0.0,0.0,0.0,0.0,0.0,1500.0057142857145,1500.0057142857145,6.0,6.0,1355.9464285714287,1355.9464285714287,35.714285714285715,584.4107142857143,732.4285714285714,38.0,38.0,1.0,29.0,7.0,4.029887700393882
500,1,30,150,3,1.0,3.0,2.0,2.0,5.0,1180.6592857142857,10940.430357142857,35627.709642857146,0.0,0.0,0.0,911.8089285714286,911.0814285714285,3.0,2.0,833.5678571428572,833.5678571428572,357.14285714285717,0.0,473.49642857142857,11.0,11.0,1.0,0.0,9.0,-1.7555772380264703
87,1,45,58,1,6.0,19.0,2.0,2.0,5.0,826.4403571428572,0.0,1035.577142857143,0.0,0.0,0.0,0.00035714285714285714,0.00035714285714285714,1.0,1.0,3.392857142857143,3.392857142857143,0.0,0.0,0.0,1.0,1.0,0.0,0.0,0.0,2.701898874441109
1442,0,26,9,1,6.0,79.0,1.0,2.0,5.0,0.00035714285714285714,0.0,0.0,0.0,0.0,0.0,966.1914285714286,966.1914285714286,2.0,2.0,653.5335714285713,653.5335714285713,246.42857142857142,83.81928571428571,320.60714285714283,18.0,18.0,5.0,8.0,3.0,3.4645608532383347
1275,0,66,84,1,6.0,79.0,2.0,2.0,5.0,39.791785714285716,0.0,0.0,0.0,0.0,0.0,0.009642857142857144,0.009642857142857144,1.0,1.0,2.531071428571429,2.531071428571429,0.0,0.0,0.0,2.0,2.0,0.0,0.0,0.0,2.624830565223855
1450,1,41,66,1,6.0,79.0,2.0,2.0,5.0,83.72214285714286,0.0,0.0,0.0,0.0,0.0,125.00107142857144,125.00107142857144,2.0,2.0,279.8857142857143,279.8857142857143,32.142857142857146,247.74285714285716,0.0,18.0,18.0,1.0,17.0,0.0,2.9044233231904455
222,0,70,68,1,6.0,79.0,2.0,2.0,5.0,0.0,0.0,0.0,0.0,0.0,0.0,879.9689285714286,879.9689285714286,3.0,3.0,815.0714285714286,815.0714285714286,0.0,28.392857142857142,757.1428571428571,14.0,14.0,0.0,1.0,10.0,2.341178239447106
323,0,38,63,1,6.0,79.0,2.0,2.0,5.0,3743.776428571429,0.0,0.0,0.0,0.0,0.0,768.7171428571429,768.7171428571429,6.0,6.0,837.0317857142857,837.0317857142857,785.7142857142857,0.0,47.924642857142864,10.0,10.0,7.0,0.0,2.0,1.5365801887738657
1536,0,70,63,1,6.0,79.0,2.0,1.0,5.0,1009.0710714285715,0.0,0.0,0.0,2.357142857142857,0.0,2011.0849999999998,1494.2214285714285,7.0,4.0,2824.1785714285716,2822.75,1946.4285714285713,17.035714285714285,460.35714285714283,25.0,23.0,7.0,1.0,11.0,-3.6340851068426723
1549,1,34,237,1,1.0,79.0,2.0,2.0,5.0,1161.5057142857142,57906.44357142857,0.0,0.0,0.0,0.0,7446.471428571429,285.80285714285714,10.0,2.0,8567.43642857143,8567.338214285714,0.0,84.90964285714286,8477.5,14.0,9.0,0.0,1.0,6.0,-1.982239835086844
75,1,59,57,1,1.0,35.0,2.0,2.0,5.0,3707.065714285714,5589.0225,4392.478571428571,0.0,0.0,0.0,503.6742857142857,496.2525,5.0,2.0,511.2857142857143,511.2857142857143,53.57142857142857,188.67857142857142,266.5357142857143,13.0,13.0,1.0,6.0,5.0,2.406439295655243
533,0,63,27,1,6.0,79.0,2.0,2.0,5.0,50.0,0.0,0.0,0.0,0.0,0.0,7.143928571428572,7.143928571428572,2.0,2.0,8.642857142857142,8.642857142857142,3.5714285714285716,4.607142857142857,0.0,3.0,3.0,1.0,1.0,0.0,2.8920313533138478
1302,1,66,69,1,1.0,79.0,2.0,2.0,5.0,35.83464285714286,1888.0625,0.0,0.0,0.0,0.0,16.9525,0.011785714285714287,3.0,1.0,1470.8103571428571,1113.6675,0.0,238.67035714285717,822.1071428571429,9.0,8.0,0.0,4.0,2.0,-0.1072587492692012
129,1,42,126,1,6.0,79.0,2.0,2.0,5.0,1103.6585714285713,0.0,0.0,0.0,0.0,0.0,1062.0342857142857,1062.0342857142857,5.0,5.0,1021.6071428571429,1021.6071428571429,678.5714285714286,0.0,343.0357142857143,9.0,9.0,2.0,0.0,7.0,2.246690599492043
836,0,27,129,2,6.0,79.0,2.0,2.0,5.0,920.6767857142858,0.0,0.0,0.0,0.0,0.0,0.00035714285714285714,0.00035714285714285714,1.0,1.0,1.9642857142857142,1.9642857142857142,0.0,0.0,0.0,1.0,1.0,0.0,0.0,0.0,1.2809024880561495
675,0,36,131,1,6.0,79.0,2.0,2.0,5.0,27.865000000000002,0.0,0.0,0.0,0.0,0.0,6104.855357142857,6104.855357142857,3.0,3.0,1702.0714285714287,1702.0714285714287,267.85714285714283,0.0,1428.5714285714287,10.0,10.0,3.0,0.0,1.0,7.8531666459117275
1392,0,29,152,1,1.0,3.0,2.0,2.0,5.0,10.714285714285714,1726.8857142857144,0.0,0.0,0.0,0.0,791.0521428571428,674.6246428571429,7.0,4.0,0.0,0.0,0.0,0.0,0.0,0.0,0.0,0.0,0.0,0.0,3.1099246219048453
777,0,5,22,1,6.0,79.0,2.0,2.0,5.0,484.5646428571428,0.0,0.0,0.0,0.0,0.0,1864.1025000000002,1864.1025000000002,8.0,8.0,1372.8700000000001,1372.8700000000001,96.42857142857143,492.6914285714286,780.1785714285714,36.0,36.0,3.0,20.0,10.0,1.9077973203038732
127,0,25,150,1,6.0,79.0,1.0,2.0,5.0,2893.112857142857,0.0,0.0,676.7528571428572,0.0,0.0,32.15,32.15,3.0,3.0,52.142857142857146,52.142857142857146,0.0,0.0,52.142857142857146,4.0,4.0,0.0,0.0,4.0,3.182418312496375
747,1,31,20,1,6.0,79.0,1.0,2.0,5.0,43.13,0.0,0.0,1459.457142857143,0.0,0.0,1322.7310714285716,1322.7192857142857,18.0,17.0,1270.2,1243.0249999999999,535.7142857142857,75.90607142857142,624.4285714285714,36.0,33.0,3.0,3.0,24.0,1.255633038801708
1169,0,6,172,1,6.0,79.0,2.0,2.0,5.0,1824.0400000000002,0.0,0.0,0.0,0.0,0.0,655.2128571428572,655.2128571428572,2.0,2.0,691.8535714285715,691.8535714285715,500.0,189.8892857142857,0.0,9.0,9.0,1.0,7.0,0.0,0.14950977631060436
591,0,36,150,1,6.0,79.0,1.0,2.0,5.0,0.0,0.0,0.0,0.0,0.0,0.0,86.41857142857143,84.39678571428571,7.0,6.0,161.6507142857143,77.25392857142857,35.714285714285715,34.732142857142854,3.5357142857142856,13.0,7.0,1.0,3.0,1.0,4.231450262214883
1033,1,23,188,1,1.0,3.0,2.0,2.0,5.0,193.5725,10743.74142857143,0.0,0.0,0.0,0.0,2.5767857142857147,0.008928571428571428,4.0,1.0,1.3225,0.8928571428571429,0.0,0.0,0.0,2.0,1.0,0.0,0.0,0.0,1.5932529637675414
1391,1,73,136,1,6.0,79.0,2.0,2.0,5.0,2221.302857142857,0.0,0.0,0.0,0.0,0.0,1002.9814285714285,1002.9814285714285,4.0,4.0,584.7878571428571,584.7878571428571,53.57142857142857,170.645,360.57142857142856,12.0,12.0,2.0,7.0,3.0,6.09732446221587
1212,1,32,198,1,6.0,79.0,1.0,2.0,5.0,8.087142857142856,0.0,0.0,0.0,0.0,0.0,4107.189642857143,4107.189642857143,3.0,3.0,337.7107142857143,337.7107142857143,0.0,0.0,0.0,3.0,3.0,0.0,0.0,0.0,11.531954217447824
445,1,21,15,1,6.0,2.0,2.0,2.0,5.0,2.563928571428572,0.0,0.0,0.0,0.0,0.0,0.15714285714285717,0.15714285714285717,1.0,1.0,0.8928571428571429,0.8928571428571429,0.0,0.0,0.0,1.0,1.0,0.0,0.0,0.0,1.5694560404599338
143,0,66,18,1,6.0,79.0,2.0,1.0,5.0,0.0,0.0,0.0,0.0,853.2671428571429,0.0,19775.640000000003,18347.068571428572,10.0,9.0,18181.79357142857,16753.222142857143,71.42857142857143,1309.9007142857142,15311.785714285714,50.0,49.0,2.0,26.0,15.0,3.610330023489329
209,1,70,16,1,6.0,79.0,2.0,2.0,5.0,6833.382857142858,0.0,0.0,0.0,0.0,0.0,178.5725,178.5725,2.0,2.0,175.21428571428572,175.21428571428572,0.0,0.0,172.82142857142858,3.0,3.0,0.0,0.0,2.0,3.87446336406794
1206,0,51,68,1,6.0,79.0,2.0,2.0,5.0,79.51178571428571,0.0,0.0,0.0,0.0,0.0,1580.435714285714,1580.435714285714,4.0,4.0,714.2857142857143,714.2857142857143,714.2857142857143,0.0,0.0,3.0,3.0,3.0,0.0,0.0,2.841190268417929
700,1,34,80,1,6.0,79.0,2.0,2.0,5.0,345.3353571428571,0.0,0.0,0.0,0.0,0.0,60.71714285714285,60.71714285714285,2.0,2.0,0.8928571428571429,0.8928571428571429,0.0,0.0,0.0,1.0,1.0,0.0,0.0,0.0,3.140590001630967
614,1,58,28,1,2.0,17.0,1.0,1.0,5.0,0.0,7143.0425000000005,0.0,0.0,0.0,0.0,8403.025357142857,8298.769285714287,16.0,9.0,9704.470714285713,9485.227499999999,357.14285714285717,341.82321428571424,5161.464285714285,46.0,33.0,1.0,13.0,24.0,3.8376049474507843
1143,1,53,65,1,6.0,79.0,2.0,2.0,5.0,4577.445000000001,0.0,0.0,0.0,0.0,0.0,847.8353571428571,847.8353571428571,2.0,2.0,260.2857142857143,260.2857142857143,0.0,0.0,257.25,7.0,7.0,0.0,0.0,6.0,4.278575127149779
448,0,23,159,1,1.0,5.0,1.0,2.0,5.0,39.75107142857143,0.013571428571428571,2989.4539285714286,0.0,0.0,0.0,1534.4328571428573,1533.7721428571429,6.0,5.0,1372.6339285714287,1372.6339285714287,367.85714285714283,0.0,986.2767857142857,33.0,33.0,12.0,0.0,9.0,0.11955407808415552
1571,1,39,211,1,6.0,79.0,2.0,2.0,5.0,23635.8,0.0,0.0,0.0,0.0,0.0,0.00035714285714285714,0.00035714285714285714,1.0,1.0,2.6785714285714284,2.6785714285714284,0.0,0.0,0.0,2.0,2.0,0.0,0.0,0.0,4.01452261421097
292,1,36,5,1,6.0,79.0,2.0,2.0,5.0,1602.5182142857143,0.0,0.0,0.0,0.0,0.0,1971.4303571428572,1971.4303571428572,3.0,3.0,2370.030357142857,2370.030357142857,32.142857142857146,150.13750000000002,2187.75,13.0,13.0,1.0,7.0,5.0,2.35195538542028
182,1,64,187,1,6.0,79.0,2.0,2.0,5.0,443.98857142857145,0.0,0.0,0.0,0.0,0.0,606.54,606.54,7.0,7.0,962.6625,962.6625,225.0,578.8057142857143,158.8567857142857,43.0,43.0,8.0,32.0,3.0,5.510138466704414
1400,1,40,39,1,6.0,79.0,2.0,2.0,5.0,252.79571428571427,0.0,0.0,0.0,0.0,0.0,42.865,42.865,3.0,3.0,73.81071428571428,73.81071428571428,60.714285714285715,0.0,10.703571428571427,3.0,3.0,1.0,0.0,1.0,3.0944070416057228
1070,1,24,97,2,6.0,79.0,1.0,2.0,5.0,176.8125,0.0,0.0,0.0,0.0,0.0,1513.675,1200.9839285714286,13.0,11.0,1550.3957142857143,1200.9839285714286,457.14285714285717,21.400000000000002,408.07142857142856,22.0,13.0,2.0,1.0,6.0,2.6058493276011543
1029,1,68,135,1,6.0,79.0,1.0,2.0,5.0,2.914285714285714,0.0,0.0,924.8914285714285,0.0,0.0,643.5892857142857,643.5892857142857,2.0,2.0,272.44642857142856,272.44642857142856,0.0,167.125,98.17857142857143,6.0,6.0,0.0,3.0,2.0,5.028216699755831
1277,1,21,19,1,1.0,5.0,2.0,1.0,5.0,7.361071428571429,3230.0964285714285,0.0,0.0,1.4285714285714286,0.0,5998.368928571428,5357.943214285714,10.0,4.0,3152.7410714285716,2346.6789285714285,607.1428571428571,831.8835714285715,523.1324999999999,44.0,20.0,4.0,24.0,10.0,6.878265993811889
1091,0,42,174,1,1.0,26.0,2.0,2.0,5.0,7.107142857142857,0.008928571428571428,0.0,0.0,0.0,0.0,6273.769285714286,6271.618571428572,5.0,4.0,2366.9285714285716,2366.9285714285716,2142.8571428571427,0.0,222.53571428571428,7.0,7.0,2.0,0.0,2.0,-0.37604409937250294
1149,1,54,172,1,6.0,79.0,1.0,2.0,5.0,0.0,0.0,0.0,62.7025,0.0,0.0,1085.5078571428571,952.4571428571428,15.0,13.0,1252.2621428571426,998.7342857142858,0.0,291.49785714285713,258.32142857142856,51.0,40.0,0.0,25.0,9.0,4.063267511457536
1411,1,32,40,1,6.0,1.0,2.0,2.0,5.0,2223.1285714285714,0.0,11342.545714285716,0.0,0.0,0.0,0.003928571428571429,0.003928571428571429,1.0,1.0,0.0,0.0,0.0,0.0,0.0,0.0,0.0,0.0,0.0,0.0,2.4367356177844846
1585,0,28,221,1,6.0,79.0,2.0,2.0,5.0,816.0564285714287,0.0,0.0,0.0,0.0,0.0,178.57928571428573,178.57928571428573,5.0,5.0,0.0,0.0,0.0,0.0,0.0,0.0,0.0,0.0,0.0,0.0,4.101517056278571
608,1,35,157,1,1.0,79.0,2.0,2.0,5.0,347.36571428571426,29191.295000000002,0.0,0.0,0.0,0.0,460.9189285714286,459.8367857142857,4.0,3.0,460.6210714285714,460.6210714285714,321.42857142857144,35.97821428571429,100.92857142857143,8.0,8.0,2.0,1.0,4.0,1.0691664619592787
1,0,51,7,1,6.0,79.0,1.0,2.0,5.0,1333.8028571428572,0.0,0.0,0.0,0.0,0.0,1678.9464285714287,1318.6982142857144,25.0,23.0,1891.3532142857143,1335.6196428571427,250.0,283.0892857142857,247.60714285714286,50.0,30.0,3.0,12.0,9.0,2.7746943934868296
349,1,72,32,2,2.0,79.0,2.0,2.0,5.0,247.4267857142857,0.09178571428571428,0.0,0.0,0.0,0.0,2.408214285714286,0.0225,2.0,1.0,1.9642857142857142,1.9642857142857142,0.0,0.0,0.0,1.0,1.0,0.0,0.0,0.0,1.6826278189225685
732,1,43,63,3,1.0,6.0,2.0,2.0,5.0,301.15607142857147,347.4171428571429,49993.39928571428,0.0,0.0,0.0,329.63892857142855,328.8971428571429,3.0,2.0,450.15714285714284,450.15714285714284,0.0,315.90714285714284,129.71428571428572,9.0,9.0,0.0,4.0,4.0,-0.5581968836481259
792,1,84,151,1,6.0,79.0,2.0,2.0,5.0,9.3025,0.0,0.0,0.0,0.0,0.0,920.8057142857143,920.8057142857143,2.0,2.0,1475.0907142857143,1475.0907142857143,0.0,0.0,0.0,2.0,2.0,0.0,0.0,0.0,4.058812245971242
398,0,56,30,2,1.0,79.0,2.0,2.0,5.0,3692.966785714286,23.599285714285713,0.0,0.0,0.0,0.0,6.915357142857142,0.005714285714285714,2.0,1.0,23.678571428571427,23.678571428571427,0.0,0.0,20.785714285714285,3.0,3.0,0.0,0.0,1.0,-0.5147990794095492
132,1,50,53,1,1.0,79.0,2.0,2.0,5.0,79.41857142857143,1259.155,0.0,0.0,0.0,0.0,68.40142857142857,0.0,1.0,0.0,0.0,0.0,0.0,0.0,0.0,0.0,0.0,0.0,0.0,0.0,1.5270239161549475
1412,1,40,149,1,6.0,79.0,2.0,1.0,5.0,5.257142857142857,0.0,0.0,0.0,536.6857142857143,0.0,2288.5075,1855.9489285714285,11.0,5.0,1559.5935714285715,691.0121428571429,0.0,863.2242857142857,273.2285714285714,35.0,9.0,0.0,23.0,7.0,7.852824646984322
525,1,31,54,1,1.0,4.0,2.0,2.0,5.0,0.3882142857142857,3845.991785714286,31884.509285714284,0.0,0.0,0.0,442.7532142857143,442.21964285714284,4.0,3.0,881.2857142857143,881.2857142857143,357.14285714285717,0.0,519.75,6.0,6.0,1.0,0.0,4.0,-1.2215428419037568
529,0,33,61,1,1.0,79.0,2.0,2.0,5.0,2014.4267857142856,36183.43357142857,0.0,0.0,0.0,0.0,547.9475,547.1978571428572,4.0,3.0,329.2857142857143,329.2857142857143,0.0,0.0,329.07142857142856,4.0,4.0,0.0,0.0,3.0,0.7615796625347013
510,0,50,188,1,1.0,79.0,2.0,2.0,5.0,1181.8785714285714,5443.6110714285705,0.0,0.0,0.0,0.0,16.685,0.00035714285714285714,2.0,1.0,0.0,0.0,0.0,0.0,0.0,0.0,0.0,0.0,0.0,0.0,1.6423523421702542
1408,0,23,122,1,1.0,1.0,2.0,2.0,5.0,31792.100714285712,12620.789999999999,0.0,0.0,0.0,0.0,2.5942857142857143,0.003928571428571429,2.0,1.0,1.9642857142857142,1.9642857142857142,0.0,0.0,0.0,1.0,1.0,0.0,0.0,0.0,0.41095159313256246
1111,0,23,145,1,1.0,79.0,2.0,2.0,5.0,65.30785714285715,10105.829642857143,0.0,0.0,0.0,0.0,1423.4599999999998,1420.7310714285716,4.0,3.0,817.3735714285714,817.3735714285714,214.28571428571428,470.695,130.10714285714286,14.0,14.0,1.0,10.0,2.0,1.1875174826749753
499,0,53,212,1,6.0,79.0,1.0,2.0,5.0,949.6864285714286,0.0,0.0,97.91107142857143,0.0,0.0,485.71535714285716,485.71535714285716,5.0,5.0,729.5557142857143,729.5557142857143,35.714285714285715,518.1557142857143,174.43571428571428,37.0,37.0,1.0,32.0,3.0,4.918287490655354
644,1,56,20,1,1.0,79.0,2.0,2.0,5.0,135.36357142857142,0.16999999999999998,0.0,0.0,0.0,0.0,0.265,0.0010714285714285715,2.0,1.0,1.9642857142857142,1.9642857142857142,0.0,0.0,0.0,1.0,1.0,0.0,0.0,0.0,1.3550196811062618
122,1,39,80,1,6.0,79.0,2.0,2.0,5.0,1392.7667857142858,0.0,0.0,0.0,0.0,0.0,857.1078571428571,857.1078571428571,3.0,3.0,862.4289285714285,862.4289285714285,0.0,0.0,861.7860714285714,5.0,5.0,0.0,0.0,4.0,3.2408553731659424
1264,1,77,28,1,6.0,79.0,2.0,2.0,5.0,12992.510714285714,0.0,0.0,0.0,0.0,0.0,357.1439285714286,357.1439285714286,2.0,2.0,323.60714285714283,323.60714285714283,0.0,0.0,320.2142857142857,7.0,7.0,0.0,0.0,6.0,4.146492609263998
955,0,19,62,1,6.0,79.0,2.0,2.0,5.0,3131.2239285714286,0.0,0.0,0.0,0.0,0.0,250.0007142857143,250.0007142857143,2.0,2.0,246.52857142857144,246.52857142857144,0.0,0.0,129.64285714285714,6.0,6.0,0.0,0.0,3.0,0.8369386794250213
507,1,49,150,1,1.0,3.0,2.0,1.0,5.0,395.4264285714286,4474.939285714286,0.0,0.0,0.7142857142857143,0.0,1372.6646428571428,1370.8414285714284,7.0,3.0,1035.607142857143,1034.1785714285713,103.57142857142857,69.53571428571429,856.75,14.0,12.0,1.0,6.0,3.0,3.105057269988087
1502,1,17,34,1,6.0,79.0,1.0,1.0,5.0,711.0532142857144,0.0,0.0,558.3321428571428,408.36892857142857,0.0,1280.1060714285716,901.0057142857142,9.0,3.0,1340.8853571428572,1101.5353571428573,214.28571428571428,290.2785714285714,436.0357142857143,34.0,16.0,3.0,19.0,5.0,3.59321593264409
1273,1,47,161,1,6.0,79.0,2.0,2.0,5.0,165.95000000000002,0.0,0.0,0.0,0.0,0.0,1258.2060714285712,1258.2060714285712,4.0,4.0,921.7364285714285,921.7364285714285,57.142857142857146,194.5107142857143,666.6899999999999,23.0,23.0,2.0,13.0,7.0,4.418417975801339
319,1,40,150,2,1.0,1.0,1.0,2.0,5.0,6808.313571428572,29032.549642857142,696.8657142857144,136.04035714285715,0.0,0.0,2703.6378571428572,2694.6703571428575,12.0,9.0,1571.9482142857144,1571.9482142857144,414.2857142857143,196.01964285714286,476.89285714285717,32.0,32.0,4.0,15.0,11.0,5.14983280695372
1011,0,38,50,1,6.0,79.0,2.0,2.0,5.0,358.84464285714284,0.0,0.0,0.0,0.0,0.0,339.07321428571424,339.07321428571424,2.0,2.0,305.7264285714286,305.7264285714286,214.28571428571428,26.369285714285716,61.857142857142854,9.0,9.0,2.0,3.0,2.0,1.2404129208811376
502,0,69,192,1,6.0,79.0,1.0,2.0,5.0,950.4725,0.0,0.0,0.0,0.0,0.0,1108.3325,1001.6996428571429,12.0,10.0,1366.9739285714284,1170.9542857142858,250.0,168.69071428571428,642.2378571428571,35.0,28.0,2.0,12.0,11.0,4.774449261268337
578,0,49,92,1,6.0,79.0,2.0,2.0,5.0,4781.011071428571,0.0,0.0,0.0,0.0,0.0,1145.6192857142858,1145.6192857142858,2.0,2.0,1598.8457142857144,1598.8457142857144,567.8571428571429,603.9885714285714,427.0,19.0,19.0,2.0,12.0,5.0,0.8595733589795487
512,1,38,181,1,6.0,79.0,2.0,2.0,5.0,825.4510714285715,0.0,0.0,0.0,0.0,0.0,449.8582142857143,449.8582142857143,4.0,4.0,571.4214285714286,571.4214285714286,207.14285714285714,190.95714285714286,171.42857142857142,25.0,25.0,5.0,15.0,2.0,3.1116224801569743
171,0,22,151,1,6.0,79.0,2.0,2.0,5.0,4112.732857142857,0.0,0.0,0.0,0.0,0.0,854.5785714285714,854.5785714285714,3.0,3.0,967.6146428571428,967.6146428571428,435.7142857142857,347.7575,178.14285714285714,59.0,59.0,12.0,27.0,9.0,-1.3655947914884048
598,1,28,123,2,6.0,79.0,1.0,2.0,5.0,562.2017857142857,0.0,0.0,0.0,0.0,0.0,835.7310714285715,691.8667857142857,14.0,10.0,550.9125,485.1660714285714,74.28142857142858,170.6275,95.21428571428571,38.0,32.0,4.0,18.0,1.0,4.530153225275157
903,1,33,181,1,6.0,79.0,2.0,2.0,5.0,414.7292857142857,0.0,0.0,0.0,0.0,0.0,357.1457142857143,357.1457142857143,2.0,2.0,132.82142857142858,132.82142857142858,0.0,132.82142857142858,0.0,1.0,1.0,0.0,1.0,0.0,4.456891048675725
775,1,40,151,2,2.0,1.0,1.0,2.0,1.0,116.17357142857144,3774.253928571429,579084.1078571428,0.0,0.0,277.0864285714286,8126.133928571428,3868.279285714286,39.0,24.0,8018.566785714285,3906.680714285714,342.85714285714283,203.72678571428574,1166.0475000000001,57.0,27.0,2.0,5.0,10.0,3.73824198084901
1040,1,65,14,1,1.0,4.0,2.0,2.0,5.0,3135.429642857143,15743.120357142858,3678.5714285714284,0.0,0.0,0.0,2812.756785714286,2800.1885714285713,8.0,6.0,804.1739285714285,804.1739285714285,0.0,0.0,192.74535714285713,6.0,6.0,0.0,0.0,3.0,5.441187552702668
872,0,26,152,1,6.0,79.0,2.0,2.0,5.0,13775.455,0.0,0.0,0.0,0.0,0.0,1967.9007142857142,1967.9007142857142,2.0,2.0,1650.6210714285714,1650.6210714285714,332.14285714285717,174.37107142857144,1123.3214285714287,29.0,29.0,3.0,11.0,10.0,0.48007197912995503
1470,1,33,175,2,1.0,79.0,1.0,2.0,5.0,0.0,3250.753928571429,0.0,0.0,0.0,0.0,1295.3835714285713,1295.3314285714284,8.0,7.0,1296.675,1296.675,0.0,155.55214285714285,1137.3014285714285,18.0,18.0,0.0,5.0,12.0,3.676299446311297
1415,1,67,28,1,1.0,1.0,2.0,2.0,5.0,6512.073571428571,18677.399642857144,501.0785714285715,0.0,0.0,0.0,414.03607142857146,412.50928571428574,4.0,3.0,303.0,303.0,107.14285714285714,0.0,193.67857142857142,4.0,4.0,1.0,0.0,2.0,1.871705622476024
864,1,31,26,1,6.0,79.0,1.0,2.0,5.0,23.49607142857143,0.0,0.0,0.0,0.0,0.0,1095.3032142857144,1095.3032142857144,2.0,2.0,787.8928571428571,787.8928571428571,785.7142857142857,0.0,0.0,5.0,5.0,3.0,0.0,0.0,2.7159487130481192
1292,0,47,151,1,6.0,79.0,2.0,2.0,5.0,244.81642857142856,0.0,0.0,0.0,0.0,0.0,25.019642857142856,25.019642857142856,2.0,2.0,2178.3535714285713,2178.3535714285713,14.285714285714286,20.139285714285712,2142.8571428571427,6.0,6.0,2.0,2.0,1.0,-0.23134637015002646
1383,1,39,26,1,1.0,6.0,2.0,2.0,5.0,199.82107142857143,2582.3292857142856,0.0,0.0,0.0,0.0,551.6899999999999,548.4903571428571,3.0,2.0,753.5357142857143,753.5357142857143,714.2857142857143,0.0,35.714285714285715,5.0,5.0,1.0,0.0,2.0,-2.440349922053005
686,1,57,51,1,6.0,79.0,2.0,2.0,5.0,1146.879642857143,0.0,0.0,0.0,0.0,0.0,513.3592857142856,513.3592857142856,3.0,3.0,496.73999999999995,496.73999999999995,0.0,0.0,119.21857142857142,7.0,7.0,0.0,0.0,5.0,3.3313666862940687
950,0,26,152,1,6.0,79.0,2.0,2.0,5.0,41.46035714285715,0.0,0.0,0.0,0.0,0.0,218.2932142857143,218.2932142857143,2.0,2.0,295.50892857142856,295.50892857142856,0.0,0.0,292.11607142857144,5.0,5.0,0.0,0.0,4.0,1.9580075860148727
1315,0,40,88,1,6.0,79.0,1.0,1.0,1.0,2926.4828571428575,0.0,0.0,289.63357142857143,0.7142857142857143,2475.792857142857,2233.345714285714,1559.9346428571428,12.0,4.0,2605.815,2021.1160714285713,535.7142857142857,579.3417857142857,1422.9171428571428,43.0,17.0,3.0,23.0,11.0,5.333009914384727
632,1,26,173,2,6.0,79.0,1.0,2.0,5.0,592.0878571428572,0.0,0.0,0.0,0.0,0.0,3521.7135714285714,2347.999642857143,21.0,16.0,3537.9989285714287,2347.999642857143,142.85714285714286,0.0,957.1428571428571,26.0,15.0,2.0,0.0,3.0,4.932180776894709
683,0,55,101,1,6.0,79.0,2.0,2.0,5.0,2052.3625,0.0,0.0,0.0,0.0,0.0,428.57178571428574,428.57178571428574,3.0,3.0,437.4789285714286,437.4789285714286,357.14285714285717,78.1575,0.0,7.0,7.0,3.0,2.0,0.0,2.2211823253043868
648,0,7,152,1,1.0,79.0,2.0,1.0,5.0,2164.632857142857,14.328214285714285,0.0,0.0,482.97499999999997,0.0,2443.782857142857,1799.6996428571426,18.0,4.0,2560.1585714285716,1928.3075000000001,0.0,698.5185714285715,1271.0685714285714,36.0,15.0,0.0,13.0,9.0,2.6108905775202325
604,1,47,44,1,6.0,79.0,2.0,1.0,5.0,5645.113928571429,0.0,0.0,0.0,1044.1435714285715,0.0,3232.9814285714283,3232.265,6.0,4.0,2387.4,2385.9714285714285,0.0,0.0,2132.8214285714284,13.0,11.0,0.0,0.0,8.0,1.1547615828650186
927,0,41,217,1,1.0,1.0,2.0,2.0,5.0,1897.8360714285716,3104.5839285714287,3904.851785714286,0.0,0.0,0.0,3469.452142857143,3457.1589285714285,8.0,6.0,1198.857857142857,1198.857857142857,0.0,0.0,1198.857857142857,8.0,8.0,0.0,0.0,8.0,5.927490836561091
1396,1,56,16,1,1.0,3.0,1.0,2.0,5.0,4.704642857142857,26270.410357142857,9335.085714285715,0.0,0.0,0.0,410.7314285714286,410.7314285714286,2.0,2.0,695.9821428571429,695.9821428571429,457.14285714285717,0.0,235.44642857142858,9.0,9.0,3.0,0.0,5.0,1.0757320561558743
1500,0,33,15,1,6.0,79.0,1.0,2.0,5.0,90.45321428571428,0.0,0.0,0.0,0.0,0.0,0.0007142857142857143,0.0007142857142857143,1.0,1.0,0.0,0.0,0.0,0.0,0.0,0.0,0.0,0.0,0.0,0.0,3.9471220001338403
1282,1,23,68,1,6.0,3.0,2.0,1.0,5.0,12164.779285714287,0.0,1909.8492857142858,0.0,-4.464285714285714,0.0,18929.47535714286,18547.135000000002,11.0,5.0,13184.933928571429,12776.785714285714,0.0,402.7910714285714,0.0,35.0,4.0,0.0,28.0,0.0,17.759077529228662
977,1,46,59,1,6.0,79.0,2.0,2.0,5.0,2639.308571428571,0.0,0.0,0.0,0.0,0.0,71.42857142857143,71.42857142857143,1.0,1.0,76.10357142857143,76.10357142857143,75.0,1.0678571428571428,0.03571428571428571,4.0,4.0,2.0,1.0,1.0,3.470658501934953
